"danceability","energy","key","loudness","mode","speechiness","acousticness","instrumentalness","liveness","valence","tempo","type","id","uri","track_href","analysis_url","duration_ms","time_signature","track_name","spotify_track_name"
0.335,0.625,7,-7.462,1,0.0386,0.164,0,0.0708,0.346,150.277,"audio_features","0bYg9bo50gSsH3LtXe2SQn","spotify:track:0bYg9bo50gSsH3LtXe2SQn","https://api.spotify.com/v1/tracks/0bYg9bo50gSsH3LtXe2SQn","https://api.spotify.com/v1/audio-analysis/0bYg9bo50gSsH3LtXe2SQn",241107,4,"all i want for christmas is you","all i want for christmas is you"
0.589,0.472,8,-8.749,1,0.0502,0.614,0,0.505,0.898,67.196,"audio_features","2EjXfH91m7f8HiJN1yQg97","spotify:track:2EjXfH91m7f8HiJN1yQg97","https://api.spotify.com/v1/tracks/2EjXfH91m7f8HiJN1yQg97","https://api.spotify.com/v1/audio-analysis/2EjXfH91m7f8HiJN1yQg97",126267,4,"rockin' around the christmas tree","rockin' around the christmas tree"
0.754,0.424,2,-8.463,1,0.0363,0.643,0,0.0652,0.806,119.705,"audio_features","3hBXvHLlTHvnbwrPbeoyAj","spotify:track:3hBXvHLlTHvnbwrPbeoyAj","https://api.spotify.com/v1/tracks/3hBXvHLlTHvnbwrPbeoyAj","https://api.spotify.com/v1/audio-analysis/3hBXvHLlTHvnbwrPbeoyAj",130973,4,"jingle bell rock","jingle bell rock"
0.665,0.398,0,-11.886,1,0.03,0.685,0,0.172,0.864,140.456,"audio_features","2vQwQs4WspaVM3XBjCVWj4","spotify:track:2vQwQs4WspaVM3XBjCVWj4","https://api.spotify.com/v1/tracks/2vQwQs4WspaVM3XBjCVWj4","https://api.spotify.com/v1/audio-analysis/2vQwQs4WspaVM3XBjCVWj4",133547,4,"a holly jolly christmas","a holly jolly christmas"
0.695,0.762,0,-3.497,1,0.0395,0.192,0.00244,0.0863,0.553,120.042,"audio_features","21jGcNKet2qwijlDFuPiPb","spotify:track:21jGcNKet2qwijlDFuPiPb","https://api.spotify.com/v1/tracks/21jGcNKet2qwijlDFuPiPb","https://api.spotify.com/v1/audio-analysis/21jGcNKet2qwijlDFuPiPb",215280,4,"circles","circles"
0.621,0.601,6,-5.616,0,0.148,0.0522,0,0.46,0.457,116.735,"audio_features","696DnlkuDOXcMAnKlTgXXK","spotify:track:696DnlkuDOXcMAnKlTgXXK","https://api.spotify.com/v1/tracks/696DnlkuDOXcMAnKlTgXXK","https://api.spotify.com/v1/audio-analysis/696DnlkuDOXcMAnKlTgXXK",163636,5,"roxanne","roxanne"
0.24,0.598,7,-8.435,1,0.037,0.766,0,0.117,0.776,202.082,"audio_features","5hslUAKq9I9CG2bAulFkHN","spotify:track:5hslUAKq9I9CG2bAulFkHN","https://api.spotify.com/v1/tracks/5hslUAKq9I9CG2bAulFkHN","https://api.spotify.com/v1/audio-analysis/5hslUAKq9I9CG2bAulFkHN",151933,3,"it's the most wonderful time of the year","it's the most wonderful time of the year"
0.501,0.405,1,-5.679,1,0.0319,0.751,0,0.105,0.446,109.891,"audio_features","7qEHsqek33rTcFNT9PFqLf","spotify:track:7qEHsqek33rTcFNT9PFqLf","https://api.spotify.com/v1/tracks/7qEHsqek33rTcFNT9PFqLf","https://api.spotify.com/v1/audio-analysis/7qEHsqek33rTcFNT9PFqLf",182161,4,"someone you loved","someone you loved"
0.764,0.32,11,-7.209,1,0.0546,0.837,0,0.0822,0.575,91.019,"audio_features","2b8fOow8UzyDFAE27YhOZM","spotify:track:2b8fOow8UzyDFAE27YhOZM","https://api.spotify.com/v1/tracks/2b8fOow8UzyDFAE27YhOZM","https://api.spotify.com/v1/audio-analysis/2b8fOow8UzyDFAE27YhOZM",189486,4,"memories","memories"
0.682,0.919,0,-3.18,0,0.0875,0.256,0,0.442,0.535,95.982,"audio_features","6KgBpzTuTRPebChN0VTyzV","spotify:track:6KgBpzTuTRPebChN0VTyzV","https://api.spotify.com/v1/tracks/6KgBpzTuTRPebChN0VTyzV","https://api.spotify.com/v1/audio-analysis/6KgBpzTuTRPebChN0VTyzV",159736,4,"good as hell","good as hell"
0.695,0.762,0,-3.497,1,0.0395,0.192,0.00244,0.0863,0.553,120.042,"audio_features","21jGcNKet2qwijlDFuPiPb","spotify:track:21jGcNKet2qwijlDFuPiPb","https://api.spotify.com/v1/tracks/21jGcNKet2qwijlDFuPiPb","https://api.spotify.com/v1/audio-analysis/21jGcNKet2qwijlDFuPiPb",215280,4,"circles","circles"
0.764,0.32,11,-7.209,1,0.0546,0.837,0,0.0822,0.575,91.019,"audio_features","2b8fOow8UzyDFAE27YhOZM","spotify:track:2b8fOow8UzyDFAE27YhOZM","https://api.spotify.com/v1/tracks/2b8fOow8UzyDFAE27YhOZM","https://api.spotify.com/v1/audio-analysis/2b8fOow8UzyDFAE27YhOZM",189486,4,"memories","memories"
0.896,0.586,10,-6.687,0,0.0559,0.104,0,0.79,0.642,116.971,"audio_features","0nbXyq5TXYPCO7pr3N8S4I","spotify:track:0nbXyq5TXYPCO7pr3N8S4I","https://api.spotify.com/v1/tracks/0nbXyq5TXYPCO7pr3N8S4I","https://api.spotify.com/v1/audio-analysis/0nbXyq5TXYPCO7pr3N8S4I",196653,4,"the box","the box"
0.501,0.405,1,-5.679,1,0.0319,0.751,0,0.105,0.446,109.891,"audio_features","7qEHsqek33rTcFNT9PFqLf","spotify:track:7qEHsqek33rTcFNT9PFqLf","https://api.spotify.com/v1/tracks/7qEHsqek33rTcFNT9PFqLf","https://api.spotify.com/v1/audio-analysis/7qEHsqek33rTcFNT9PFqLf",182161,4,"someone you loved","someone you loved"
0.621,0.601,6,-5.616,0,0.148,0.0522,0,0.46,0.457,116.735,"audio_features","696DnlkuDOXcMAnKlTgXXK","spotify:track:696DnlkuDOXcMAnKlTgXXK","https://api.spotify.com/v1/tracks/696DnlkuDOXcMAnKlTgXXK","https://api.spotify.com/v1/audio-analysis/696DnlkuDOXcMAnKlTgXXK",163636,5,"roxanne","roxanne"
0.682,0.919,0,-3.18,0,0.0875,0.256,0,0.442,0.535,95.982,"audio_features","6KgBpzTuTRPebChN0VTyzV","spotify:track:6KgBpzTuTRPebChN0VTyzV","https://api.spotify.com/v1/tracks/6KgBpzTuTRPebChN0VTyzV","https://api.spotify.com/v1/audio-analysis/6KgBpzTuTRPebChN0VTyzV",159736,4,"good as hell","good as hell"
0.824,0.588,6,-6.4,0,0.0924,0.692,0.000104,0.149,0.513,98.027,"audio_features","2XU0oxnq2qxCpomAAuJY8K","spotify:track:2XU0oxnq2qxCpomAAuJY8K","https://api.spotify.com/v1/tracks/2XU0oxnq2qxCpomAAuJY8K","https://api.spotify.com/v1/audio-analysis/2XU0oxnq2qxCpomAAuJY8K",209438,4,"dance monkey","dance monkey"
0.598,0.427,7,-8.764,0,0.0317,0.0546,5.83e-06,0.21,0.0605,76.469,"audio_features","3eekarcy7kvN4yt5ZFzltW","spotify:track:3eekarcy7kvN4yt5ZFzltW","https://api.spotify.com/v1/tracks/3eekarcy7kvN4yt5ZFzltW","https://api.spotify.com/v1/audio-analysis/3eekarcy7kvN4yt5ZFzltW",175721,4,"highest in the room","highest in the room"
0.654,0.649,10,-4.618,1,0.0266,0.117,0,0.206,0.395,89.981,"audio_features","6tpKWKiK6nwGHcc4CA3wpC","spotify:track:6tpKWKiK6nwGHcc4CA3wpC","https://api.spotify.com/v1/tracks/6tpKWKiK6nwGHcc4CA3wpC","https://api.spotify.com/v1/audio-analysis/6tpKWKiK6nwGHcc4CA3wpC",164773,4,"10,000 hours","10,000 hours"
0.488,0.343,4,-8.985,1,0.0436,0.556,0,0.21,0.0978,102.819,"audio_features","4l0Mvzj72xxOpRrp6h8nHi","spotify:track:4l0Mvzj72xxOpRrp6h8nHi","https://api.spotify.com/v1/tracks/4l0Mvzj72xxOpRrp6h8nHi","https://api.spotify.com/v1/audio-analysis/4l0Mvzj72xxOpRrp6h8nHi",206459,4,"lose you to love me","lose you to love me"
0.896,0.586,10,-6.687,0,0.0559,0.104,0,0.79,0.642,116.971,"audio_features","0nbXyq5TXYPCO7pr3N8S4I","spotify:track:0nbXyq5TXYPCO7pr3N8S4I","https://api.spotify.com/v1/tracks/0nbXyq5TXYPCO7pr3N8S4I","https://api.spotify.com/v1/audio-analysis/0nbXyq5TXYPCO7pr3N8S4I",196653,4,"the box","the box"
0.687,0.514,9,-6.612,0,0.0897,0.366,0,0.116,0.494,145.921,"audio_features","41L3O37CECZt3N7ziG2z7l","spotify:track:41L3O37CECZt3N7ziG2z7l","https://api.spotify.com/v1/tracks/41L3O37CECZt3N7ziG2z7l","https://api.spotify.com/v1/audio-analysis/41L3O37CECZt3N7ziG2z7l",210427,4,"yummy","yummy"
0.695,0.762,0,-3.497,1,0.0395,0.192,0.00244,0.0863,0.553,120.042,"audio_features","21jGcNKet2qwijlDFuPiPb","spotify:track:21jGcNKet2qwijlDFuPiPb","https://api.spotify.com/v1/tracks/21jGcNKet2qwijlDFuPiPb","https://api.spotify.com/v1/audio-analysis/21jGcNKet2qwijlDFuPiPb",215280,4,"circles","circles"
0.764,0.32,11,-7.209,1,0.0546,0.837,0,0.0822,0.575,91.019,"audio_features","2b8fOow8UzyDFAE27YhOZM","spotify:track:2b8fOow8UzyDFAE27YhOZM","https://api.spotify.com/v1/tracks/2b8fOow8UzyDFAE27YhOZM","https://api.spotify.com/v1/audio-analysis/2b8fOow8UzyDFAE27YhOZM",189486,4,"memories","memories"
0.654,0.649,10,-4.618,1,0.0266,0.117,0,0.206,0.395,89.981,"audio_features","6tpKWKiK6nwGHcc4CA3wpC","spotify:track:6tpKWKiK6nwGHcc4CA3wpC","https://api.spotify.com/v1/tracks/6tpKWKiK6nwGHcc4CA3wpC","https://api.spotify.com/v1/audio-analysis/6tpKWKiK6nwGHcc4CA3wpC",164773,4,"10,000 hours","10,000 hours"
0.501,0.405,1,-5.679,1,0.0319,0.751,0,0.105,0.446,109.891,"audio_features","7qEHsqek33rTcFNT9PFqLf","spotify:track:7qEHsqek33rTcFNT9PFqLf","https://api.spotify.com/v1/tracks/7qEHsqek33rTcFNT9PFqLf","https://api.spotify.com/v1/audio-analysis/7qEHsqek33rTcFNT9PFqLf",182161,4,"someone you loved","someone you loved"
0.824,0.588,6,-6.4,0,0.0924,0.692,0.000104,0.149,0.513,98.027,"audio_features","2XU0oxnq2qxCpomAAuJY8K","spotify:track:2XU0oxnq2qxCpomAAuJY8K","https://api.spotify.com/v1/tracks/2XU0oxnq2qxCpomAAuJY8K","https://api.spotify.com/v1/audio-analysis/2XU0oxnq2qxCpomAAuJY8K",209438,4,"dance monkey","dance monkey"
0.682,0.919,0,-3.18,0,0.0875,0.256,0,0.442,0.535,95.982,"audio_features","6KgBpzTuTRPebChN0VTyzV","spotify:track:6KgBpzTuTRPebChN0VTyzV","https://api.spotify.com/v1/tracks/6KgBpzTuTRPebChN0VTyzV","https://api.spotify.com/v1/audio-analysis/6KgBpzTuTRPebChN0VTyzV",159736,4,"good as hell","good as hell"
0.621,0.601,6,-5.616,0,0.148,0.0522,0,0.46,0.457,116.735,"audio_features","696DnlkuDOXcMAnKlTgXXK","spotify:track:696DnlkuDOXcMAnKlTgXXK","https://api.spotify.com/v1/tracks/696DnlkuDOXcMAnKlTgXXK","https://api.spotify.com/v1/audio-analysis/696DnlkuDOXcMAnKlTgXXK",163636,5,"roxanne","roxanne"
0.488,0.343,4,-8.985,1,0.0436,0.556,0,0.21,0.0978,102.819,"audio_features","4l0Mvzj72xxOpRrp6h8nHi","spotify:track:4l0Mvzj72xxOpRrp6h8nHi","https://api.spotify.com/v1/tracks/4l0Mvzj72xxOpRrp6h8nHi","https://api.spotify.com/v1/audio-analysis/4l0Mvzj72xxOpRrp6h8nHi",206459,4,"lose you to love me","lose you to love me"
0.896,0.586,10,-6.687,0,0.0559,0.104,0,0.79,0.642,116.971,"audio_features","0nbXyq5TXYPCO7pr3N8S4I","spotify:track:0nbXyq5TXYPCO7pr3N8S4I","https://api.spotify.com/v1/tracks/0nbXyq5TXYPCO7pr3N8S4I","https://api.spotify.com/v1/audio-analysis/0nbXyq5TXYPCO7pr3N8S4I",196653,4,"the box","the box"
0.676,0.609,2,-5.831,0,0.481,0.0706,0,0.152,0.508,142.037,"audio_features","5yY9lUy8nbvjM1Uyo1Uqoc","spotify:track:5yY9lUy8nbvjM1Uyo1Uqoc","https://api.spotify.com/v1/tracks/5yY9lUy8nbvjM1Uyo1Uqoc","https://api.spotify.com/v1/audio-analysis/5yY9lUy8nbvjM1Uyo1Uqoc",237735,4,"life is good","life is good (feat. drake)"
0.695,0.762,0,-3.497,1,0.0395,0.192,0.00244,0.0863,0.553,120.042,"audio_features","21jGcNKet2qwijlDFuPiPb","spotify:track:21jGcNKet2qwijlDFuPiPb","https://api.spotify.com/v1/tracks/21jGcNKet2qwijlDFuPiPb","https://api.spotify.com/v1/audio-analysis/21jGcNKet2qwijlDFuPiPb",215280,4,"circles","circles"
0.764,0.32,11,-7.209,1,0.0546,0.837,0,0.0822,0.575,91.019,"audio_features","2b8fOow8UzyDFAE27YhOZM","spotify:track:2b8fOow8UzyDFAE27YhOZM","https://api.spotify.com/v1/tracks/2b8fOow8UzyDFAE27YhOZM","https://api.spotify.com/v1/audio-analysis/2b8fOow8UzyDFAE27YhOZM",189486,4,"memories","memories"
0.488,0.343,4,-8.985,1,0.0436,0.556,0,0.21,0.0978,102.819,"audio_features","4l0Mvzj72xxOpRrp6h8nHi","spotify:track:4l0Mvzj72xxOpRrp6h8nHi","https://api.spotify.com/v1/tracks/4l0Mvzj72xxOpRrp6h8nHi","https://api.spotify.com/v1/audio-analysis/4l0Mvzj72xxOpRrp6h8nHi",206459,4,"lose you to love me","lose you to love me"
0.501,0.405,1,-5.679,1,0.0319,0.751,0,0.105,0.446,109.891,"audio_features","7qEHsqek33rTcFNT9PFqLf","spotify:track:7qEHsqek33rTcFNT9PFqLf","https://api.spotify.com/v1/tracks/7qEHsqek33rTcFNT9PFqLf","https://api.spotify.com/v1/audio-analysis/7qEHsqek33rTcFNT9PFqLf",182161,4,"someone you loved","someone you loved"
0.654,0.649,10,-4.618,1,0.0266,0.117,0,0.206,0.395,89.981,"audio_features","6tpKWKiK6nwGHcc4CA3wpC","spotify:track:6tpKWKiK6nwGHcc4CA3wpC","https://api.spotify.com/v1/tracks/6tpKWKiK6nwGHcc4CA3wpC","https://api.spotify.com/v1/audio-analysis/6tpKWKiK6nwGHcc4CA3wpC",164773,4,"10,000 hours","10,000 hours"
0.824,0.588,6,-6.4,0,0.0924,0.692,0.000104,0.149,0.513,98.027,"audio_features","2XU0oxnq2qxCpomAAuJY8K","spotify:track:2XU0oxnq2qxCpomAAuJY8K","https://api.spotify.com/v1/tracks/2XU0oxnq2qxCpomAAuJY8K","https://api.spotify.com/v1/audio-analysis/2XU0oxnq2qxCpomAAuJY8K",209438,4,"dance monkey","dance monkey"
0.621,0.601,6,-5.616,0,0.148,0.0522,0,0.46,0.457,116.735,"audio_features","696DnlkuDOXcMAnKlTgXXK","spotify:track:696DnlkuDOXcMAnKlTgXXK","https://api.spotify.com/v1/tracks/696DnlkuDOXcMAnKlTgXXK","https://api.spotify.com/v1/audio-analysis/696DnlkuDOXcMAnKlTgXXK",163636,5,"roxanne","roxanne"
0.687,0.514,9,-6.612,0,0.0897,0.366,0,0.116,0.494,145.921,"audio_features","41L3O37CECZt3N7ziG2z7l","spotify:track:41L3O37CECZt3N7ziG2z7l","https://api.spotify.com/v1/tracks/41L3O37CECZt3N7ziG2z7l","https://api.spotify.com/v1/audio-analysis/41L3O37CECZt3N7ziG2z7l",210427,4,"yummy","yummy"
0.896,0.586,10,-6.687,0,0.0559,0.104,0,0.79,0.642,116.971,"audio_features","0nbXyq5TXYPCO7pr3N8S4I","spotify:track:0nbXyq5TXYPCO7pr3N8S4I","https://api.spotify.com/v1/tracks/0nbXyq5TXYPCO7pr3N8S4I","https://api.spotify.com/v1/audio-analysis/0nbXyq5TXYPCO7pr3N8S4I",196653,4,"the box","the box"
0.676,0.609,2,-5.831,0,0.481,0.0706,0,0.152,0.508,142.037,"audio_features","5yY9lUy8nbvjM1Uyo1Uqoc","spotify:track:5yY9lUy8nbvjM1Uyo1Uqoc","https://api.spotify.com/v1/tracks/5yY9lUy8nbvjM1Uyo1Uqoc","https://api.spotify.com/v1/audio-analysis/5yY9lUy8nbvjM1Uyo1Uqoc",237735,4,"life is good","life is good (feat. drake)"
0.808,0.745,10,-5.26,0,0.342,0.145,0,0.292,0.829,165.995,"audio_features","7FIWs0pqAYbP91WWM0vlTQ","spotify:track:7FIWs0pqAYbP91WWM0vlTQ","https://api.spotify.com/v1/tracks/7FIWs0pqAYbP91WWM0vlTQ","https://api.spotify.com/v1/audio-analysis/7FIWs0pqAYbP91WWM0vlTQ",210800,4,"godzilla","godzilla (feat. juice wrld)"
0.695,0.762,0,-3.497,1,0.0395,0.192,0.00244,0.0863,0.553,120.042,"audio_features","21jGcNKet2qwijlDFuPiPb","spotify:track:21jGcNKet2qwijlDFuPiPb","https://api.spotify.com/v1/tracks/21jGcNKet2qwijlDFuPiPb","https://api.spotify.com/v1/audio-analysis/21jGcNKet2qwijlDFuPiPb",215280,4,"circles","circles"
0.764,0.32,11,-7.209,1,0.0546,0.837,0,0.0822,0.575,91.019,"audio_features","2b8fOow8UzyDFAE27YhOZM","spotify:track:2b8fOow8UzyDFAE27YhOZM","https://api.spotify.com/v1/tracks/2b8fOow8UzyDFAE27YhOZM","https://api.spotify.com/v1/audio-analysis/2b8fOow8UzyDFAE27YhOZM",189486,4,"memories","memories"
0.654,0.649,10,-4.618,1,0.0266,0.117,0,0.206,0.395,89.981,"audio_features","6tpKWKiK6nwGHcc4CA3wpC","spotify:track:6tpKWKiK6nwGHcc4CA3wpC","https://api.spotify.com/v1/tracks/6tpKWKiK6nwGHcc4CA3wpC","https://api.spotify.com/v1/audio-analysis/6tpKWKiK6nwGHcc4CA3wpC",164773,4,"10,000 hours","10,000 hours"
0.824,0.588,6,-6.4,0,0.0924,0.692,0.000104,0.149,0.513,98.027,"audio_features","2XU0oxnq2qxCpomAAuJY8K","spotify:track:2XU0oxnq2qxCpomAAuJY8K","https://api.spotify.com/v1/tracks/2XU0oxnq2qxCpomAAuJY8K","https://api.spotify.com/v1/audio-analysis/2XU0oxnq2qxCpomAAuJY8K",209438,4,"dance monkey","dance monkey"
0.501,0.405,1,-5.679,1,0.0319,0.751,0,0.105,0.446,109.891,"audio_features","7qEHsqek33rTcFNT9PFqLf","spotify:track:7qEHsqek33rTcFNT9PFqLf","https://api.spotify.com/v1/tracks/7qEHsqek33rTcFNT9PFqLf","https://api.spotify.com/v1/audio-analysis/7qEHsqek33rTcFNT9PFqLf",182161,4,"someone you loved","someone you loved"
0.621,0.601,6,-5.616,0,0.148,0.0522,0,0.46,0.457,116.735,"audio_features","696DnlkuDOXcMAnKlTgXXK","spotify:track:696DnlkuDOXcMAnKlTgXXK","https://api.spotify.com/v1/tracks/696DnlkuDOXcMAnKlTgXXK","https://api.spotify.com/v1/audio-analysis/696DnlkuDOXcMAnKlTgXXK",163636,5,"roxanne","roxanne"
0.488,0.343,4,-8.985,1,0.0436,0.556,0,0.21,0.0978,102.819,"audio_features","4l0Mvzj72xxOpRrp6h8nHi","spotify:track:4l0Mvzj72xxOpRrp6h8nHi","https://api.spotify.com/v1/tracks/4l0Mvzj72xxOpRrp6h8nHi","https://api.spotify.com/v1/audio-analysis/4l0Mvzj72xxOpRrp6h8nHi",206459,4,"lose you to love me","lose you to love me"
0.896,0.586,10,-6.687,0,0.0559,0.104,0,0.79,0.642,116.971,"audio_features","0nbXyq5TXYPCO7pr3N8S4I","spotify:track:0nbXyq5TXYPCO7pr3N8S4I","https://api.spotify.com/v1/tracks/0nbXyq5TXYPCO7pr3N8S4I","https://api.spotify.com/v1/audio-analysis/0nbXyq5TXYPCO7pr3N8S4I",196653,4,"the box","the box"
0.676,0.609,2,-5.831,0,0.481,0.0706,0,0.152,0.508,142.037,"audio_features","5yY9lUy8nbvjM1Uyo1Uqoc","spotify:track:5yY9lUy8nbvjM1Uyo1Uqoc","https://api.spotify.com/v1/tracks/5yY9lUy8nbvjM1Uyo1Uqoc","https://api.spotify.com/v1/audio-analysis/5yY9lUy8nbvjM1Uyo1Uqoc",237735,4,"life is good","life is good (feat. drake)"
0.695,0.762,0,-3.497,1,0.0395,0.192,0.00244,0.0863,0.553,120.042,"audio_features","21jGcNKet2qwijlDFuPiPb","spotify:track:21jGcNKet2qwijlDFuPiPb","https://api.spotify.com/v1/tracks/21jGcNKet2qwijlDFuPiPb","https://api.spotify.com/v1/audio-analysis/21jGcNKet2qwijlDFuPiPb",215280,4,"circles","circles"
0.764,0.32,11,-7.209,1,0.0546,0.837,0,0.0822,0.575,91.019,"audio_features","2b8fOow8UzyDFAE27YhOZM","spotify:track:2b8fOow8UzyDFAE27YhOZM","https://api.spotify.com/v1/tracks/2b8fOow8UzyDFAE27YhOZM","https://api.spotify.com/v1/audio-analysis/2b8fOow8UzyDFAE27YhOZM",189486,4,"memories","memories"
0.501,0.405,1,-5.679,1,0.0319,0.751,0,0.105,0.446,109.891,"audio_features","7qEHsqek33rTcFNT9PFqLf","spotify:track:7qEHsqek33rTcFNT9PFqLf","https://api.spotify.com/v1/tracks/7qEHsqek33rTcFNT9PFqLf","https://api.spotify.com/v1/audio-analysis/7qEHsqek33rTcFNT9PFqLf",182161,4,"someone you loved","someone you loved"
0.654,0.649,10,-4.618,1,0.0266,0.117,0,0.206,0.395,89.981,"audio_features","6tpKWKiK6nwGHcc4CA3wpC","spotify:track:6tpKWKiK6nwGHcc4CA3wpC","https://api.spotify.com/v1/tracks/6tpKWKiK6nwGHcc4CA3wpC","https://api.spotify.com/v1/audio-analysis/6tpKWKiK6nwGHcc4CA3wpC",164773,4,"10,000 hours","10,000 hours"
0.824,0.588,6,-6.4,0,0.0924,0.692,0.000104,0.149,0.513,98.027,"audio_features","2XU0oxnq2qxCpomAAuJY8K","spotify:track:2XU0oxnq2qxCpomAAuJY8K","https://api.spotify.com/v1/tracks/2XU0oxnq2qxCpomAAuJY8K","https://api.spotify.com/v1/audio-analysis/2XU0oxnq2qxCpomAAuJY8K",209438,4,"dance monkey","dance monkey"
0.621,0.601,6,-5.616,0,0.148,0.0522,0,0.46,0.457,116.735,"audio_features","696DnlkuDOXcMAnKlTgXXK","spotify:track:696DnlkuDOXcMAnKlTgXXK","https://api.spotify.com/v1/tracks/696DnlkuDOXcMAnKlTgXXK","https://api.spotify.com/v1/audio-analysis/696DnlkuDOXcMAnKlTgXXK",163636,5,"roxanne","roxanne"
0.794,0.793,11,-4.521,0,0.0842,0.0125,0,0.0952,0.677,123.941,"audio_features","6WrI0LAC5M1Rw2MnX2ZvEg","spotify:track:6WrI0LAC5M1Rw2MnX2ZvEg","https://api.spotify.com/v1/tracks/6WrI0LAC5M1Rw2MnX2ZvEg","https://api.spotify.com/v1/audio-analysis/6WrI0LAC5M1Rw2MnX2ZvEg",183290,4,"don't start now","don't start now"
0.704,0.225,6,-14.454,0,0.0994,0.902,0.657,0.106,0.243,120.006,"audio_features","3ZCTVFBt2Brf31RLEnCkWJ","spotify:track:3ZCTVFBt2Brf31RLEnCkWJ","https://api.spotify.com/v1/tracks/3ZCTVFBt2Brf31RLEnCkWJ","https://api.spotify.com/v1/audio-analysis/3ZCTVFBt2Brf31RLEnCkWJ",245426,4,"everything i wanted","everything i wanted"
0.896,0.586,10,-6.687,0,0.0559,0.104,0,0.79,0.642,116.971,"audio_features","0nbXyq5TXYPCO7pr3N8S4I","spotify:track:0nbXyq5TXYPCO7pr3N8S4I","https://api.spotify.com/v1/tracks/0nbXyq5TXYPCO7pr3N8S4I","https://api.spotify.com/v1/audio-analysis/0nbXyq5TXYPCO7pr3N8S4I",196653,4,"the box","the box"
0.676,0.609,2,-5.831,0,0.481,0.0706,0,0.152,0.508,142.037,"audio_features","5yY9lUy8nbvjM1Uyo1Uqoc","spotify:track:5yY9lUy8nbvjM1Uyo1Uqoc","https://api.spotify.com/v1/tracks/5yY9lUy8nbvjM1Uyo1Uqoc","https://api.spotify.com/v1/audio-analysis/5yY9lUy8nbvjM1Uyo1Uqoc",237735,4,"life is good","life is good (feat. drake)"
0.695,0.762,0,-3.497,1,0.0395,0.192,0.00244,0.0863,0.553,120.042,"audio_features","21jGcNKet2qwijlDFuPiPb","spotify:track:21jGcNKet2qwijlDFuPiPb","https://api.spotify.com/v1/tracks/21jGcNKet2qwijlDFuPiPb","https://api.spotify.com/v1/audio-analysis/21jGcNKet2qwijlDFuPiPb",215280,4,"circles","circles"
0.764,0.32,11,-7.209,1,0.0546,0.837,0,0.0822,0.575,91.019,"audio_features","2b8fOow8UzyDFAE27YhOZM","spotify:track:2b8fOow8UzyDFAE27YhOZM","https://api.spotify.com/v1/tracks/2b8fOow8UzyDFAE27YhOZM","https://api.spotify.com/v1/audio-analysis/2b8fOow8UzyDFAE27YhOZM",189486,4,"memories","memories"
0.824,0.588,6,-6.4,0,0.0924,0.692,0.000104,0.149,0.513,98.027,"audio_features","2XU0oxnq2qxCpomAAuJY8K","spotify:track:2XU0oxnq2qxCpomAAuJY8K","https://api.spotify.com/v1/tracks/2XU0oxnq2qxCpomAAuJY8K","https://api.spotify.com/v1/audio-analysis/2XU0oxnq2qxCpomAAuJY8K",209438,4,"dance monkey","dance monkey"
0.501,0.405,1,-5.679,1,0.0319,0.751,0,0.105,0.446,109.891,"audio_features","7qEHsqek33rTcFNT9PFqLf","spotify:track:7qEHsqek33rTcFNT9PFqLf","https://api.spotify.com/v1/tracks/7qEHsqek33rTcFNT9PFqLf","https://api.spotify.com/v1/audio-analysis/7qEHsqek33rTcFNT9PFqLf",182161,4,"someone you loved","someone you loved"
0.621,0.601,6,-5.616,0,0.148,0.0522,0,0.46,0.457,116.735,"audio_features","696DnlkuDOXcMAnKlTgXXK","spotify:track:696DnlkuDOXcMAnKlTgXXK","https://api.spotify.com/v1/tracks/696DnlkuDOXcMAnKlTgXXK","https://api.spotify.com/v1/audio-analysis/696DnlkuDOXcMAnKlTgXXK",163636,5,"roxanne","roxanne"
0.654,0.649,10,-4.618,1,0.0266,0.117,0,0.206,0.395,89.981,"audio_features","6tpKWKiK6nwGHcc4CA3wpC","spotify:track:6tpKWKiK6nwGHcc4CA3wpC","https://api.spotify.com/v1/tracks/6tpKWKiK6nwGHcc4CA3wpC","https://api.spotify.com/v1/audio-analysis/6tpKWKiK6nwGHcc4CA3wpC",164773,4,"10,000 hours","10,000 hours"
0.794,0.793,11,-4.521,0,0.0842,0.0125,0,0.0952,0.677,123.941,"audio_features","6WrI0LAC5M1Rw2MnX2ZvEg","spotify:track:6WrI0LAC5M1Rw2MnX2ZvEg","https://api.spotify.com/v1/tracks/6WrI0LAC5M1Rw2MnX2ZvEg","https://api.spotify.com/v1/audio-analysis/6WrI0LAC5M1Rw2MnX2ZvEg",183290,4,"don't start now","don't start now"
0.704,0.225,6,-14.454,0,0.0994,0.902,0.657,0.106,0.243,120.006,"audio_features","3ZCTVFBt2Brf31RLEnCkWJ","spotify:track:3ZCTVFBt2Brf31RLEnCkWJ","https://api.spotify.com/v1/tracks/3ZCTVFBt2Brf31RLEnCkWJ","https://api.spotify.com/v1/audio-analysis/3ZCTVFBt2Brf31RLEnCkWJ",245426,4,"everything i wanted","everything i wanted"
0.896,0.586,10,-6.687,0,0.0559,0.104,0,0.79,0.642,116.971,"audio_features","0nbXyq5TXYPCO7pr3N8S4I","spotify:track:0nbXyq5TXYPCO7pr3N8S4I","https://api.spotify.com/v1/tracks/0nbXyq5TXYPCO7pr3N8S4I","https://api.spotify.com/v1/audio-analysis/0nbXyq5TXYPCO7pr3N8S4I",196653,4,"the box","the box"
0.676,0.609,2,-5.831,0,0.481,0.0706,0,0.152,0.508,142.037,"audio_features","5yY9lUy8nbvjM1Uyo1Uqoc","spotify:track:5yY9lUy8nbvjM1Uyo1Uqoc","https://api.spotify.com/v1/tracks/5yY9lUy8nbvjM1Uyo1Uqoc","https://api.spotify.com/v1/audio-analysis/5yY9lUy8nbvjM1Uyo1Uqoc",237735,4,"life is good","life is good (feat. drake)"
0.695,0.762,0,-3.497,1,0.0395,0.192,0.00244,0.0863,0.553,120.042,"audio_features","21jGcNKet2qwijlDFuPiPb","spotify:track:21jGcNKet2qwijlDFuPiPb","https://api.spotify.com/v1/tracks/21jGcNKet2qwijlDFuPiPb","https://api.spotify.com/v1/audio-analysis/21jGcNKet2qwijlDFuPiPb",215280,4,"circles","circles"
0.764,0.32,11,-7.209,1,0.0546,0.837,0,0.0822,0.575,91.019,"audio_features","2b8fOow8UzyDFAE27YhOZM","spotify:track:2b8fOow8UzyDFAE27YhOZM","https://api.spotify.com/v1/tracks/2b8fOow8UzyDFAE27YhOZM","https://api.spotify.com/v1/audio-analysis/2b8fOow8UzyDFAE27YhOZM",189486,4,"memories","memories"
0.824,0.588,6,-6.4,0,0.0924,0.692,0.000104,0.149,0.513,98.027,"audio_features","2XU0oxnq2qxCpomAAuJY8K","spotify:track:2XU0oxnq2qxCpomAAuJY8K","https://api.spotify.com/v1/tracks/2XU0oxnq2qxCpomAAuJY8K","https://api.spotify.com/v1/audio-analysis/2XU0oxnq2qxCpomAAuJY8K",209438,4,"dance monkey","dance monkey"
0.794,0.793,11,-4.521,0,0.0842,0.0125,0,0.0952,0.677,123.941,"audio_features","6WrI0LAC5M1Rw2MnX2ZvEg","spotify:track:6WrI0LAC5M1Rw2MnX2ZvEg","https://api.spotify.com/v1/tracks/6WrI0LAC5M1Rw2MnX2ZvEg","https://api.spotify.com/v1/audio-analysis/6WrI0LAC5M1Rw2MnX2ZvEg",183290,4,"don't start now","don't start now"
0.621,0.601,6,-5.616,0,0.148,0.0522,0,0.46,0.457,116.735,"audio_features","696DnlkuDOXcMAnKlTgXXK","spotify:track:696DnlkuDOXcMAnKlTgXXK","https://api.spotify.com/v1/tracks/696DnlkuDOXcMAnKlTgXXK","https://api.spotify.com/v1/audio-analysis/696DnlkuDOXcMAnKlTgXXK",163636,5,"roxanne","roxanne"
0.501,0.405,1,-5.679,1,0.0319,0.751,0,0.105,0.446,109.891,"audio_features","7qEHsqek33rTcFNT9PFqLf","spotify:track:7qEHsqek33rTcFNT9PFqLf","https://api.spotify.com/v1/tracks/7qEHsqek33rTcFNT9PFqLf","https://api.spotify.com/v1/audio-analysis/7qEHsqek33rTcFNT9PFqLf",182161,4,"someone you loved","someone you loved"
0.654,0.649,10,-4.618,1,0.0266,0.117,0,0.206,0.395,89.981,"audio_features","6tpKWKiK6nwGHcc4CA3wpC","spotify:track:6tpKWKiK6nwGHcc4CA3wpC","https://api.spotify.com/v1/tracks/6tpKWKiK6nwGHcc4CA3wpC","https://api.spotify.com/v1/audio-analysis/6tpKWKiK6nwGHcc4CA3wpC",164773,4,"10,000 hours","10,000 hours"
0.704,0.225,6,-14.454,0,0.0994,0.902,0.657,0.106,0.243,120.006,"audio_features","3ZCTVFBt2Brf31RLEnCkWJ","spotify:track:3ZCTVFBt2Brf31RLEnCkWJ","https://api.spotify.com/v1/tracks/3ZCTVFBt2Brf31RLEnCkWJ","https://api.spotify.com/v1/audio-analysis/3ZCTVFBt2Brf31RLEnCkWJ",245426,4,"everything i wanted","everything i wanted"
0.896,0.586,10,-6.687,0,0.0559,0.104,0,0.79,0.642,116.971,"audio_features","0nbXyq5TXYPCO7pr3N8S4I","spotify:track:0nbXyq5TXYPCO7pr3N8S4I","https://api.spotify.com/v1/tracks/0nbXyq5TXYPCO7pr3N8S4I","https://api.spotify.com/v1/audio-analysis/0nbXyq5TXYPCO7pr3N8S4I",196653,4,"the box","the box"
0.676,0.609,2,-5.831,0,0.481,0.0706,0,0.152,0.508,142.037,"audio_features","5yY9lUy8nbvjM1Uyo1Uqoc","spotify:track:5yY9lUy8nbvjM1Uyo1Uqoc","https://api.spotify.com/v1/tracks/5yY9lUy8nbvjM1Uyo1Uqoc","https://api.spotify.com/v1/audio-analysis/5yY9lUy8nbvjM1Uyo1Uqoc",237735,4,"life is good","life is good (feat. drake)"
0.695,0.762,0,-3.497,1,0.0395,0.192,0.00244,0.0863,0.553,120.042,"audio_features","21jGcNKet2qwijlDFuPiPb","spotify:track:21jGcNKet2qwijlDFuPiPb","https://api.spotify.com/v1/tracks/21jGcNKet2qwijlDFuPiPb","https://api.spotify.com/v1/audio-analysis/21jGcNKet2qwijlDFuPiPb",215280,4,"circles","circles"
0.824,0.588,6,-6.4,0,0.0924,0.692,0.000104,0.149,0.513,98.027,"audio_features","2XU0oxnq2qxCpomAAuJY8K","spotify:track:2XU0oxnq2qxCpomAAuJY8K","https://api.spotify.com/v1/tracks/2XU0oxnq2qxCpomAAuJY8K","https://api.spotify.com/v1/audio-analysis/2XU0oxnq2qxCpomAAuJY8K",209438,4,"dance monkey","dance monkey"
0.794,0.793,11,-4.521,0,0.0842,0.0125,0,0.0952,0.677,123.941,"audio_features","6WrI0LAC5M1Rw2MnX2ZvEg","spotify:track:6WrI0LAC5M1Rw2MnX2ZvEg","https://api.spotify.com/v1/tracks/6WrI0LAC5M1Rw2MnX2ZvEg","https://api.spotify.com/v1/audio-analysis/6WrI0LAC5M1Rw2MnX2ZvEg",183290,4,"don't start now","don't start now"
0.621,0.601,6,-5.616,0,0.148,0.0522,0,0.46,0.457,116.735,"audio_features","696DnlkuDOXcMAnKlTgXXK","spotify:track:696DnlkuDOXcMAnKlTgXXK","https://api.spotify.com/v1/tracks/696DnlkuDOXcMAnKlTgXXK","https://api.spotify.com/v1/audio-analysis/696DnlkuDOXcMAnKlTgXXK",163636,5,"roxanne","roxanne"
0.764,0.32,11,-7.209,1,0.0546,0.837,0,0.0822,0.575,91.019,"audio_features","2b8fOow8UzyDFAE27YhOZM","spotify:track:2b8fOow8UzyDFAE27YhOZM","https://api.spotify.com/v1/tracks/2b8fOow8UzyDFAE27YhOZM","https://api.spotify.com/v1/audio-analysis/2b8fOow8UzyDFAE27YhOZM",189486,4,"memories","memories"
0.501,0.405,1,-5.679,1,0.0319,0.751,0,0.105,0.446,109.891,"audio_features","7qEHsqek33rTcFNT9PFqLf","spotify:track:7qEHsqek33rTcFNT9PFqLf","https://api.spotify.com/v1/tracks/7qEHsqek33rTcFNT9PFqLf","https://api.spotify.com/v1/audio-analysis/7qEHsqek33rTcFNT9PFqLf",182161,4,"someone you loved","someone you loved"
0.811,0.553,9,-6.644,1,0.0552,0.317,0,0.105,0.86,148.014,"audio_features","364dI1bYnvamSnBJ8JcNzN","spotify:track:364dI1bYnvamSnBJ8JcNzN","https://api.spotify.com/v1/tracks/364dI1bYnvamSnBJ8JcNzN","https://api.spotify.com/v1/audio-analysis/364dI1bYnvamSnBJ8JcNzN",212869,4,"intentions","intentions"
0.514,0.73,1,-5.934,1,0.0598,0.00146,9.54e-05,0.0897,0.334,171.005,"audio_features","0VjIjW4GlUZAMYd2vXMi3b","spotify:track:0VjIjW4GlUZAMYd2vXMi3b","https://api.spotify.com/v1/tracks/0VjIjW4GlUZAMYd2vXMi3b","https://api.spotify.com/v1/audio-analysis/0VjIjW4GlUZAMYd2vXMi3b",200040,4,"blinding lights","blinding lights"
0.896,0.586,10,-6.687,0,0.0559,0.104,0,0.79,0.642,116.971,"audio_features","0nbXyq5TXYPCO7pr3N8S4I","spotify:track:0nbXyq5TXYPCO7pr3N8S4I","https://api.spotify.com/v1/tracks/0nbXyq5TXYPCO7pr3N8S4I","https://api.spotify.com/v1/audio-analysis/0nbXyq5TXYPCO7pr3N8S4I",196653,4,"the box","the box"
0.676,0.609,2,-5.831,0,0.481,0.0706,0,0.152,0.508,142.037,"audio_features","5yY9lUy8nbvjM1Uyo1Uqoc","spotify:track:5yY9lUy8nbvjM1Uyo1Uqoc","https://api.spotify.com/v1/tracks/5yY9lUy8nbvjM1Uyo1Uqoc","https://api.spotify.com/v1/audio-analysis/5yY9lUy8nbvjM1Uyo1Uqoc",237735,4,"life is good","life is good (feat. drake)"
0.695,0.762,0,-3.497,1,0.0395,0.192,0.00244,0.0863,0.553,120.042,"audio_features","21jGcNKet2qwijlDFuPiPb","spotify:track:21jGcNKet2qwijlDFuPiPb","https://api.spotify.com/v1/tracks/21jGcNKet2qwijlDFuPiPb","https://api.spotify.com/v1/audio-analysis/21jGcNKet2qwijlDFuPiPb",215280,4,"circles","circles"
0.583,0.817,9,-5.146,0,0.0987,0.118,0,0.338,0.438,105.936,"audio_features","2QyuXBcV1LJ2rq01KhreMF","spotify:track:2QyuXBcV1LJ2rq01KhreMF","https://api.spotify.com/v1/tracks/2QyuXBcV1LJ2rq01KhreMF","https://api.spotify.com/v1/audio-analysis/2QyuXBcV1LJ2rq01KhreMF",246381,4,"on","on"
0.794,0.793,11,-4.521,0,0.0842,0.0125,0,0.0952,0.677,123.941,"audio_features","6WrI0LAC5M1Rw2MnX2ZvEg","spotify:track:6WrI0LAC5M1Rw2MnX2ZvEg","https://api.spotify.com/v1/tracks/6WrI0LAC5M1Rw2MnX2ZvEg","https://api.spotify.com/v1/audio-analysis/6WrI0LAC5M1Rw2MnX2ZvEg",183290,4,"don't start now","don't start now"
0.621,0.601,6,-5.616,0,0.148,0.0522,0,0.46,0.457,116.735,"audio_features","696DnlkuDOXcMAnKlTgXXK","spotify:track:696DnlkuDOXcMAnKlTgXXK","https://api.spotify.com/v1/tracks/696DnlkuDOXcMAnKlTgXXK","https://api.spotify.com/v1/audio-analysis/696DnlkuDOXcMAnKlTgXXK",163636,5,"roxanne","roxanne"
0.824,0.588,6,-6.4,0,0.0924,0.692,0.000104,0.149,0.513,98.027,"audio_features","2XU0oxnq2qxCpomAAuJY8K","spotify:track:2XU0oxnq2qxCpomAAuJY8K","https://api.spotify.com/v1/tracks/2XU0oxnq2qxCpomAAuJY8K","https://api.spotify.com/v1/audio-analysis/2XU0oxnq2qxCpomAAuJY8K",209438,4,"dance monkey","dance monkey"
0.514,0.73,1,-5.934,1,0.0598,0.00146,9.54e-05,0.0897,0.334,171.005,"audio_features","0VjIjW4GlUZAMYd2vXMi3b","spotify:track:0VjIjW4GlUZAMYd2vXMi3b","https://api.spotify.com/v1/tracks/0VjIjW4GlUZAMYd2vXMi3b","https://api.spotify.com/v1/audio-analysis/0VjIjW4GlUZAMYd2vXMi3b",200040,4,"blinding lights","blinding lights"
0.764,0.32,11,-7.209,1,0.0546,0.837,0,0.0822,0.575,91.019,"audio_features","2b8fOow8UzyDFAE27YhOZM","spotify:track:2b8fOow8UzyDFAE27YhOZM","https://api.spotify.com/v1/tracks/2b8fOow8UzyDFAE27YhOZM","https://api.spotify.com/v1/audio-analysis/2b8fOow8UzyDFAE27YhOZM",189486,4,"memories","memories"
0.501,0.405,1,-5.679,1,0.0319,0.751,0,0.105,0.446,109.891,"audio_features","7qEHsqek33rTcFNT9PFqLf","spotify:track:7qEHsqek33rTcFNT9PFqLf","https://api.spotify.com/v1/tracks/7qEHsqek33rTcFNT9PFqLf","https://api.spotify.com/v1/audio-analysis/7qEHsqek33rTcFNT9PFqLf",182161,4,"someone you loved","someone you loved"
0.896,0.586,10,-6.687,0,0.0559,0.104,0,0.79,0.642,116.971,"audio_features","0nbXyq5TXYPCO7pr3N8S4I","spotify:track:0nbXyq5TXYPCO7pr3N8S4I","https://api.spotify.com/v1/tracks/0nbXyq5TXYPCO7pr3N8S4I","https://api.spotify.com/v1/audio-analysis/0nbXyq5TXYPCO7pr3N8S4I",196653,4,"the box","the box"
0.676,0.609,2,-5.831,0,0.481,0.0706,0,0.152,0.508,142.037,"audio_features","5yY9lUy8nbvjM1Uyo1Uqoc","spotify:track:5yY9lUy8nbvjM1Uyo1Uqoc","https://api.spotify.com/v1/tracks/5yY9lUy8nbvjM1Uyo1Uqoc","https://api.spotify.com/v1/audio-analysis/5yY9lUy8nbvjM1Uyo1Uqoc",237735,4,"life is good","life is good (feat. drake)"
0.794,0.793,11,-4.521,0,0.0842,0.0125,0,0.0952,0.677,123.941,"audio_features","6WrI0LAC5M1Rw2MnX2ZvEg","spotify:track:6WrI0LAC5M1Rw2MnX2ZvEg","https://api.spotify.com/v1/tracks/6WrI0LAC5M1Rw2MnX2ZvEg","https://api.spotify.com/v1/audio-analysis/6WrI0LAC5M1Rw2MnX2ZvEg",183290,4,"don't start now","don't start now"
0.695,0.762,0,-3.497,1,0.0395,0.192,0.00244,0.0863,0.553,120.042,"audio_features","21jGcNKet2qwijlDFuPiPb","spotify:track:21jGcNKet2qwijlDFuPiPb","https://api.spotify.com/v1/tracks/21jGcNKet2qwijlDFuPiPb","https://api.spotify.com/v1/audio-analysis/21jGcNKet2qwijlDFuPiPb",215280,4,"circles","circles"
0.68,0.825,8,-4.296,1,0.0702,0.00173,0.000122,0.27,0.784,117.987,"audio_features","7yBbV2k2S2uhaQc24NF2xt","spotify:track:7yBbV2k2S2uhaQc24NF2xt","https://api.spotify.com/v1/tracks/7yBbV2k2S2uhaQc24NF2xt","https://api.spotify.com/v1/audio-analysis/7yBbV2k2S2uhaQc24NF2xt",193533,4,"stupid love","stupid love"
0.621,0.601,6,-5.616,0,0.148,0.0522,0,0.46,0.457,116.735,"audio_features","696DnlkuDOXcMAnKlTgXXK","spotify:track:696DnlkuDOXcMAnKlTgXXK","https://api.spotify.com/v1/tracks/696DnlkuDOXcMAnKlTgXXK","https://api.spotify.com/v1/audio-analysis/696DnlkuDOXcMAnKlTgXXK",163636,5,"roxanne","roxanne"
0.514,0.73,1,-5.934,1,0.0598,0.00146,9.54e-05,0.0897,0.334,171.005,"audio_features","0VjIjW4GlUZAMYd2vXMi3b","spotify:track:0VjIjW4GlUZAMYd2vXMi3b","https://api.spotify.com/v1/tracks/0VjIjW4GlUZAMYd2vXMi3b","https://api.spotify.com/v1/audio-analysis/0VjIjW4GlUZAMYd2vXMi3b",200040,4,"blinding lights","blinding lights"
0.824,0.588,6,-6.4,0,0.0924,0.692,0.000104,0.149,0.513,98.027,"audio_features","2XU0oxnq2qxCpomAAuJY8K","spotify:track:2XU0oxnq2qxCpomAAuJY8K","https://api.spotify.com/v1/tracks/2XU0oxnq2qxCpomAAuJY8K","https://api.spotify.com/v1/audio-analysis/2XU0oxnq2qxCpomAAuJY8K",209438,4,"dance monkey","dance monkey"
0.764,0.32,11,-7.209,1,0.0546,0.837,0,0.0822,0.575,91.019,"audio_features","2b8fOow8UzyDFAE27YhOZM","spotify:track:2b8fOow8UzyDFAE27YhOZM","https://api.spotify.com/v1/tracks/2b8fOow8UzyDFAE27YhOZM","https://api.spotify.com/v1/audio-analysis/2b8fOow8UzyDFAE27YhOZM",189486,4,"memories","memories"
0.811,0.553,9,-6.644,1,0.0552,0.317,0,0.105,0.86,148.014,"audio_features","364dI1bYnvamSnBJ8JcNzN","spotify:track:364dI1bYnvamSnBJ8JcNzN","https://api.spotify.com/v1/tracks/364dI1bYnvamSnBJ8JcNzN","https://api.spotify.com/v1/audio-analysis/364dI1bYnvamSnBJ8JcNzN",212869,4,"intentions","intentions"
0.896,0.586,10,-6.687,0,0.0559,0.104,0,0.79,0.642,116.971,"audio_features","0nbXyq5TXYPCO7pr3N8S4I","spotify:track:0nbXyq5TXYPCO7pr3N8S4I","https://api.spotify.com/v1/tracks/0nbXyq5TXYPCO7pr3N8S4I","https://api.spotify.com/v1/audio-analysis/0nbXyq5TXYPCO7pr3N8S4I",196653,4,"the box","the box"
0.794,0.793,11,-4.521,0,0.0842,0.0125,0,0.0952,0.677,123.941,"audio_features","6WrI0LAC5M1Rw2MnX2ZvEg","spotify:track:6WrI0LAC5M1Rw2MnX2ZvEg","https://api.spotify.com/v1/tracks/6WrI0LAC5M1Rw2MnX2ZvEg","https://api.spotify.com/v1/audio-analysis/6WrI0LAC5M1Rw2MnX2ZvEg",183290,4,"don't start now","don't start now"
0.676,0.609,2,-5.831,0,0.481,0.0706,0,0.152,0.508,142.037,"audio_features","5yY9lUy8nbvjM1Uyo1Uqoc","spotify:track:5yY9lUy8nbvjM1Uyo1Uqoc","https://api.spotify.com/v1/tracks/5yY9lUy8nbvjM1Uyo1Uqoc","https://api.spotify.com/v1/audio-analysis/5yY9lUy8nbvjM1Uyo1Uqoc",237735,4,"life is good","life is good (feat. drake)"
0.514,0.73,1,-5.934,1,0.0598,0.00146,9.54e-05,0.0897,0.334,171.005,"audio_features","0VjIjW4GlUZAMYd2vXMi3b","spotify:track:0VjIjW4GlUZAMYd2vXMi3b","https://api.spotify.com/v1/tracks/0VjIjW4GlUZAMYd2vXMi3b","https://api.spotify.com/v1/audio-analysis/0VjIjW4GlUZAMYd2vXMi3b",200040,4,"blinding lights","blinding lights"
0.695,0.762,0,-3.497,1,0.0395,0.192,0.00244,0.0863,0.553,120.042,"audio_features","21jGcNKet2qwijlDFuPiPb","spotify:track:21jGcNKet2qwijlDFuPiPb","https://api.spotify.com/v1/tracks/21jGcNKet2qwijlDFuPiPb","https://api.spotify.com/v1/audio-analysis/21jGcNKet2qwijlDFuPiPb",215280,4,"circles","circles"
0.772,0.634,10,-6.101,0,0.212,0.135,0,0.432,0.671,160.052,"audio_features","7hav1MHURQf5SAoPk0egqh","spotify:track:7hav1MHURQf5SAoPk0egqh","https://api.spotify.com/v1/tracks/7hav1MHURQf5SAoPk0egqh","https://api.spotify.com/v1/audio-analysis/7hav1MHURQf5SAoPk0egqh",210261,4,"baby pluto","baby pluto"
0.621,0.601,6,-5.616,0,0.148,0.0522,0,0.46,0.457,116.735,"audio_features","696DnlkuDOXcMAnKlTgXXK","spotify:track:696DnlkuDOXcMAnKlTgXXK","https://api.spotify.com/v1/tracks/696DnlkuDOXcMAnKlTgXXK","https://api.spotify.com/v1/audio-analysis/696DnlkuDOXcMAnKlTgXXK",163636,5,"roxanne","roxanne"
0.855,0.676,1,-5.736,1,0.325,0.0888,0,0.144,0.509,133.081,"audio_features","6CUP2khYzdphXebxVTfPE3","spotify:track:6CUP2khYzdphXebxVTfPE3","https://api.spotify.com/v1/tracks/6CUP2khYzdphXebxVTfPE3","https://api.spotify.com/v1/audio-analysis/6CUP2khYzdphXebxVTfPE3",195299,4,"lo mein","lo mein"
0.903,0.535,8,-6.238,1,0.286,0.0296,0,0.0851,0.157,130.117,"audio_features","5egD7A5x9AHdVO2fMo3Wbo","spotify:track:5egD7A5x9AHdVO2fMo3Wbo","https://api.spotify.com/v1/tracks/5egD7A5x9AHdVO2fMo3Wbo","https://api.spotify.com/v1/audio-analysis/5egD7A5x9AHdVO2fMo3Wbo",195692,4,"silly watch","silly watch"
0.811,0.553,9,-6.644,1,0.0552,0.317,0,0.105,0.86,148.014,"audio_features","364dI1bYnvamSnBJ8JcNzN","spotify:track:364dI1bYnvamSnBJ8JcNzN","https://api.spotify.com/v1/tracks/364dI1bYnvamSnBJ8JcNzN","https://api.spotify.com/v1/audio-analysis/364dI1bYnvamSnBJ8JcNzN",212869,4,"intentions","intentions"
0.896,0.586,10,-6.687,0,0.0559,0.104,0,0.79,0.642,116.971,"audio_features","0nbXyq5TXYPCO7pr3N8S4I","spotify:track:0nbXyq5TXYPCO7pr3N8S4I","https://api.spotify.com/v1/tracks/0nbXyq5TXYPCO7pr3N8S4I","https://api.spotify.com/v1/audio-analysis/0nbXyq5TXYPCO7pr3N8S4I",196653,4,"the box","the box"
0.514,0.73,1,-5.934,1,0.0598,0.00146,9.54e-05,0.0897,0.334,171.005,"audio_features","0VjIjW4GlUZAMYd2vXMi3b","spotify:track:0VjIjW4GlUZAMYd2vXMi3b","https://api.spotify.com/v1/tracks/0VjIjW4GlUZAMYd2vXMi3b","https://api.spotify.com/v1/audio-analysis/0VjIjW4GlUZAMYd2vXMi3b",200040,4,"blinding lights","blinding lights"
0.794,0.793,11,-4.521,0,0.0842,0.0125,0,0.0952,0.677,123.941,"audio_features","6WrI0LAC5M1Rw2MnX2ZvEg","spotify:track:6WrI0LAC5M1Rw2MnX2ZvEg","https://api.spotify.com/v1/tracks/6WrI0LAC5M1Rw2MnX2ZvEg","https://api.spotify.com/v1/audio-analysis/6WrI0LAC5M1Rw2MnX2ZvEg",183290,4,"don't start now","don't start now"
0.676,0.609,2,-5.831,0,0.481,0.0706,0,0.152,0.508,142.037,"audio_features","5yY9lUy8nbvjM1Uyo1Uqoc","spotify:track:5yY9lUy8nbvjM1Uyo1Uqoc","https://api.spotify.com/v1/tracks/5yY9lUy8nbvjM1Uyo1Uqoc","https://api.spotify.com/v1/audio-analysis/5yY9lUy8nbvjM1Uyo1Uqoc",237735,4,"life is good","life is good (feat. drake)"
0.695,0.762,0,-3.497,1,0.0395,0.192,0.00244,0.0863,0.553,120.042,"audio_features","21jGcNKet2qwijlDFuPiPb","spotify:track:21jGcNKet2qwijlDFuPiPb","https://api.spotify.com/v1/tracks/21jGcNKet2qwijlDFuPiPb","https://api.spotify.com/v1/audio-analysis/21jGcNKet2qwijlDFuPiPb",215280,4,"circles","circles"
0.621,0.601,6,-5.616,0,0.148,0.0522,0,0.46,0.457,116.735,"audio_features","696DnlkuDOXcMAnKlTgXXK","spotify:track:696DnlkuDOXcMAnKlTgXXK","https://api.spotify.com/v1/tracks/696DnlkuDOXcMAnKlTgXXK","https://api.spotify.com/v1/audio-analysis/696DnlkuDOXcMAnKlTgXXK",163636,5,"roxanne","roxanne"
0.676,0.771,8,-3.675,1,0.0483,0.0237,7e-06,0.102,0.569,99.048,"audio_features","1M4qEo4HE3PRaCOM7EXNJq","spotify:track:1M4qEo4HE3PRaCOM7EXNJq","https://api.spotify.com/v1/tracks/1M4qEo4HE3PRaCOM7EXNJq","https://api.spotify.com/v1/audio-analysis/1M4qEo4HE3PRaCOM7EXNJq",207133,4,"adore you","adore you"
0.811,0.553,9,-6.644,1,0.0552,0.317,0,0.105,0.86,148.014,"audio_features","364dI1bYnvamSnBJ8JcNzN","spotify:track:364dI1bYnvamSnBJ8JcNzN","https://api.spotify.com/v1/tracks/364dI1bYnvamSnBJ8JcNzN","https://api.spotify.com/v1/audio-analysis/364dI1bYnvamSnBJ8JcNzN",212869,4,"intentions","intentions"
0.501,0.405,1,-5.679,1,0.0319,0.751,0,0.105,0.446,109.891,"audio_features","7qEHsqek33rTcFNT9PFqLf","spotify:track:7qEHsqek33rTcFNT9PFqLf","https://api.spotify.com/v1/tracks/7qEHsqek33rTcFNT9PFqLf","https://api.spotify.com/v1/audio-analysis/7qEHsqek33rTcFNT9PFqLf",182161,4,"someone you loved","someone you loved"
0.704,0.225,6,-14.454,0,0.0994,0.902,0.657,0.106,0.243,120.006,"audio_features","3ZCTVFBt2Brf31RLEnCkWJ","spotify:track:3ZCTVFBt2Brf31RLEnCkWJ","https://api.spotify.com/v1/tracks/3ZCTVFBt2Brf31RLEnCkWJ","https://api.spotify.com/v1/audio-analysis/3ZCTVFBt2Brf31RLEnCkWJ",245426,4,"everything i wanted","everything i wanted"
0.514,0.73,1,-5.934,1,0.0598,0.00146,9.54e-05,0.0897,0.334,171.005,"audio_features","0VjIjW4GlUZAMYd2vXMi3b","spotify:track:0VjIjW4GlUZAMYd2vXMi3b","https://api.spotify.com/v1/tracks/0VjIjW4GlUZAMYd2vXMi3b","https://api.spotify.com/v1/audio-analysis/0VjIjW4GlUZAMYd2vXMi3b",200040,4,"blinding lights","blinding lights"
0.896,0.586,10,-6.687,0,0.0559,0.104,0,0.79,0.642,116.971,"audio_features","0nbXyq5TXYPCO7pr3N8S4I","spotify:track:0nbXyq5TXYPCO7pr3N8S4I","https://api.spotify.com/v1/tracks/0nbXyq5TXYPCO7pr3N8S4I","https://api.spotify.com/v1/audio-analysis/0nbXyq5TXYPCO7pr3N8S4I",196653,4,"the box","the box"
0.794,0.793,11,-4.521,0,0.0842,0.0125,0,0.0952,0.677,123.941,"audio_features","6WrI0LAC5M1Rw2MnX2ZvEg","spotify:track:6WrI0LAC5M1Rw2MnX2ZvEg","https://api.spotify.com/v1/tracks/6WrI0LAC5M1Rw2MnX2ZvEg","https://api.spotify.com/v1/audio-analysis/6WrI0LAC5M1Rw2MnX2ZvEg",183290,4,"don't start now","don't start now"
0.537,0.746,10,-5.507,0,0.15,0.0236,1.01e-06,0.156,0.252,170.062,"audio_features","6bnF93Rx87YqUBLSgjiMU8","spotify:track:6bnF93Rx87YqUBLSgjiMU8","https://api.spotify.com/v1/tracks/6bnF93Rx87YqUBLSgjiMU8","https://api.spotify.com/v1/audio-analysis/6bnF93Rx87YqUBLSgjiMU8",198267,4,"heartless","heartless"
0.695,0.762,0,-3.497,1,0.0395,0.192,0.00244,0.0863,0.553,120.042,"audio_features","21jGcNKet2qwijlDFuPiPb","spotify:track:21jGcNKet2qwijlDFuPiPb","https://api.spotify.com/v1/tracks/21jGcNKet2qwijlDFuPiPb","https://api.spotify.com/v1/audio-analysis/21jGcNKet2qwijlDFuPiPb",215280,4,"circles","circles"
0.676,0.609,2,-5.831,0,0.481,0.0706,0,0.152,0.508,142.037,"audio_features","5yY9lUy8nbvjM1Uyo1Uqoc","spotify:track:5yY9lUy8nbvjM1Uyo1Uqoc","https://api.spotify.com/v1/tracks/5yY9lUy8nbvjM1Uyo1Uqoc","https://api.spotify.com/v1/audio-analysis/5yY9lUy8nbvjM1Uyo1Uqoc",237735,4,"life is good","life is good (feat. drake)"
0.676,0.771,8,-3.675,1,0.0483,0.0237,7e-06,0.102,0.569,99.048,"audio_features","1M4qEo4HE3PRaCOM7EXNJq","spotify:track:1M4qEo4HE3PRaCOM7EXNJq","https://api.spotify.com/v1/tracks/1M4qEo4HE3PRaCOM7EXNJq","https://api.spotify.com/v1/audio-analysis/1M4qEo4HE3PRaCOM7EXNJq",207133,4,"adore you","adore you"
0.811,0.553,9,-6.644,1,0.0552,0.317,0,0.105,0.86,148.014,"audio_features","364dI1bYnvamSnBJ8JcNzN","spotify:track:364dI1bYnvamSnBJ8JcNzN","https://api.spotify.com/v1/tracks/364dI1bYnvamSnBJ8JcNzN","https://api.spotify.com/v1/audio-analysis/364dI1bYnvamSnBJ8JcNzN",212869,4,"intentions","intentions"
0.787,0.673,11,-4.577,0,0.158,0.256,3.57e-06,0.0904,0.786,110.962,"audio_features","3Dv1eDb0MEgF93GpLXlucZ","spotify:track:3Dv1eDb0MEgF93GpLXlucZ","https://api.spotify.com/v1/tracks/3Dv1eDb0MEgF93GpLXlucZ","https://api.spotify.com/v1/audio-analysis/3Dv1eDb0MEgF93GpLXlucZ",237893,4,"say so","say so"
0.621,0.601,6,-5.616,0,0.148,0.0522,0,0.46,0.457,116.735,"audio_features","696DnlkuDOXcMAnKlTgXXK","spotify:track:696DnlkuDOXcMAnKlTgXXK","https://api.spotify.com/v1/tracks/696DnlkuDOXcMAnKlTgXXK","https://api.spotify.com/v1/audio-analysis/696DnlkuDOXcMAnKlTgXXK",163636,5,"roxanne","roxanne"
0.514,0.73,1,-5.934,1,0.0598,0.00146,9.54e-05,0.0897,0.334,171.005,"audio_features","0VjIjW4GlUZAMYd2vXMi3b","spotify:track:0VjIjW4GlUZAMYd2vXMi3b","https://api.spotify.com/v1/tracks/0VjIjW4GlUZAMYd2vXMi3b","https://api.spotify.com/v1/audio-analysis/0VjIjW4GlUZAMYd2vXMi3b",200040,4,"blinding lights","blinding lights"
0.896,0.586,10,-6.687,0,0.0559,0.104,0,0.79,0.642,116.971,"audio_features","0nbXyq5TXYPCO7pr3N8S4I","spotify:track:0nbXyq5TXYPCO7pr3N8S4I","https://api.spotify.com/v1/tracks/0nbXyq5TXYPCO7pr3N8S4I","https://api.spotify.com/v1/audio-analysis/0nbXyq5TXYPCO7pr3N8S4I",196653,4,"the box","the box"
0.794,0.793,11,-4.521,0,0.0842,0.0125,0,0.0952,0.677,123.941,"audio_features","6WrI0LAC5M1Rw2MnX2ZvEg","spotify:track:6WrI0LAC5M1Rw2MnX2ZvEg","https://api.spotify.com/v1/tracks/6WrI0LAC5M1Rw2MnX2ZvEg","https://api.spotify.com/v1/audio-analysis/6WrI0LAC5M1Rw2MnX2ZvEg",183290,4,"don't start now","don't start now"
0.695,0.762,0,-3.497,1,0.0395,0.192,0.00244,0.0863,0.553,120.042,"audio_features","21jGcNKet2qwijlDFuPiPb","spotify:track:21jGcNKet2qwijlDFuPiPb","https://api.spotify.com/v1/tracks/21jGcNKet2qwijlDFuPiPb","https://api.spotify.com/v1/audio-analysis/21jGcNKet2qwijlDFuPiPb",215280,4,"circles","circles"
0.676,0.609,2,-5.831,0,0.481,0.0706,0,0.152,0.508,142.037,"audio_features","5yY9lUy8nbvjM1Uyo1Uqoc","spotify:track:5yY9lUy8nbvjM1Uyo1Uqoc","https://api.spotify.com/v1/tracks/5yY9lUy8nbvjM1Uyo1Uqoc","https://api.spotify.com/v1/audio-analysis/5yY9lUy8nbvjM1Uyo1Uqoc",237735,4,"life is good","life is good (feat. drake)"
0.676,0.771,8,-3.675,1,0.0483,0.0237,7e-06,0.102,0.569,99.048,"audio_features","1M4qEo4HE3PRaCOM7EXNJq","spotify:track:1M4qEo4HE3PRaCOM7EXNJq","https://api.spotify.com/v1/tracks/1M4qEo4HE3PRaCOM7EXNJq","https://api.spotify.com/v1/audio-analysis/1M4qEo4HE3PRaCOM7EXNJq",207133,4,"adore you","adore you"
0.787,0.673,11,-4.577,0,0.158,0.256,3.57e-06,0.0904,0.786,110.962,"audio_features","3Dv1eDb0MEgF93GpLXlucZ","spotify:track:3Dv1eDb0MEgF93GpLXlucZ","https://api.spotify.com/v1/tracks/3Dv1eDb0MEgF93GpLXlucZ","https://api.spotify.com/v1/audio-analysis/3Dv1eDb0MEgF93GpLXlucZ",237893,4,"say so","say so"
0.811,0.553,9,-6.644,1,0.0552,0.317,0,0.105,0.86,148.014,"audio_features","364dI1bYnvamSnBJ8JcNzN","spotify:track:364dI1bYnvamSnBJ8JcNzN","https://api.spotify.com/v1/tracks/364dI1bYnvamSnBJ8JcNzN","https://api.spotify.com/v1/audio-analysis/364dI1bYnvamSnBJ8JcNzN",212869,4,"intentions","intentions"
0.704,0.225,6,-14.454,0,0.0994,0.902,0.657,0.106,0.243,120.006,"audio_features","3ZCTVFBt2Brf31RLEnCkWJ","spotify:track:3ZCTVFBt2Brf31RLEnCkWJ","https://api.spotify.com/v1/tracks/3ZCTVFBt2Brf31RLEnCkWJ","https://api.spotify.com/v1/audio-analysis/3ZCTVFBt2Brf31RLEnCkWJ",245426,4,"everything i wanted","everything i wanted"
0.501,0.405,1,-5.679,1,0.0319,0.751,0,0.105,0.446,109.891,"audio_features","7qEHsqek33rTcFNT9PFqLf","spotify:track:7qEHsqek33rTcFNT9PFqLf","https://api.spotify.com/v1/tracks/7qEHsqek33rTcFNT9PFqLf","https://api.spotify.com/v1/audio-analysis/7qEHsqek33rTcFNT9PFqLf",182161,4,"someone you loved","someone you loved"
0.834,0.454,1,-9.75,0,0.201,0.321,6.15e-06,0.114,0.837,81.618,"audio_features","127QTOFJsJQp5LbJbu3A1y","spotify:track:127QTOFJsJQp5LbJbu3A1y","https://api.spotify.com/v1/tracks/127QTOFJsJQp5LbJbu3A1y","https://api.spotify.com/v1/audio-analysis/127QTOFJsJQp5LbJbu3A1y",247059,4,"toosie slide","toosie slide"
0.514,0.73,1,-5.934,1,0.0598,0.00146,9.54e-05,0.0897,0.334,171.005,"audio_features","0VjIjW4GlUZAMYd2vXMi3b","spotify:track:0VjIjW4GlUZAMYd2vXMi3b","https://api.spotify.com/v1/tracks/0VjIjW4GlUZAMYd2vXMi3b","https://api.spotify.com/v1/audio-analysis/0VjIjW4GlUZAMYd2vXMi3b",200040,4,"blinding lights","blinding lights"
0.896,0.586,10,-6.687,0,0.0559,0.104,0,0.79,0.642,116.971,"audio_features","0nbXyq5TXYPCO7pr3N8S4I","spotify:track:0nbXyq5TXYPCO7pr3N8S4I","https://api.spotify.com/v1/tracks/0nbXyq5TXYPCO7pr3N8S4I","https://api.spotify.com/v1/audio-analysis/0nbXyq5TXYPCO7pr3N8S4I",196653,4,"the box","the box"
0.794,0.793,11,-4.521,0,0.0842,0.0125,0,0.0952,0.677,123.941,"audio_features","6WrI0LAC5M1Rw2MnX2ZvEg","spotify:track:6WrI0LAC5M1Rw2MnX2ZvEg","https://api.spotify.com/v1/tracks/6WrI0LAC5M1Rw2MnX2ZvEg","https://api.spotify.com/v1/audio-analysis/6WrI0LAC5M1Rw2MnX2ZvEg",183290,4,"don't start now","don't start now"
0.676,0.609,2,-5.831,0,0.481,0.0706,0,0.152,0.508,142.037,"audio_features","5yY9lUy8nbvjM1Uyo1Uqoc","spotify:track:5yY9lUy8nbvjM1Uyo1Uqoc","https://api.spotify.com/v1/tracks/5yY9lUy8nbvjM1Uyo1Uqoc","https://api.spotify.com/v1/audio-analysis/5yY9lUy8nbvjM1Uyo1Uqoc",237735,4,"life is good","life is good (feat. drake)"
0.695,0.762,0,-3.497,1,0.0395,0.192,0.00244,0.0863,0.553,120.042,"audio_features","21jGcNKet2qwijlDFuPiPb","spotify:track:21jGcNKet2qwijlDFuPiPb","https://api.spotify.com/v1/tracks/21jGcNKet2qwijlDFuPiPb","https://api.spotify.com/v1/audio-analysis/21jGcNKet2qwijlDFuPiPb",215280,4,"circles","circles"
0.676,0.771,8,-3.675,1,0.0483,0.0237,7e-06,0.102,0.569,99.048,"audio_features","1M4qEo4HE3PRaCOM7EXNJq","spotify:track:1M4qEo4HE3PRaCOM7EXNJq","https://api.spotify.com/v1/tracks/1M4qEo4HE3PRaCOM7EXNJq","https://api.spotify.com/v1/audio-analysis/1M4qEo4HE3PRaCOM7EXNJq",207133,4,"adore you","adore you"
0.787,0.673,11,-4.577,0,0.158,0.256,3.57e-06,0.0904,0.786,110.962,"audio_features","3Dv1eDb0MEgF93GpLXlucZ","spotify:track:3Dv1eDb0MEgF93GpLXlucZ","https://api.spotify.com/v1/tracks/3Dv1eDb0MEgF93GpLXlucZ","https://api.spotify.com/v1/audio-analysis/3Dv1eDb0MEgF93GpLXlucZ",237893,4,"say so","say so"
0.811,0.553,9,-6.644,1,0.0552,0.317,0,0.105,0.86,148.014,"audio_features","364dI1bYnvamSnBJ8JcNzN","spotify:track:364dI1bYnvamSnBJ8JcNzN","https://api.spotify.com/v1/tracks/364dI1bYnvamSnBJ8JcNzN","https://api.spotify.com/v1/audio-analysis/364dI1bYnvamSnBJ8JcNzN",212869,4,"intentions","intentions"
0.704,0.225,6,-14.454,0,0.0994,0.902,0.657,0.106,0.243,120.006,"audio_features","3ZCTVFBt2Brf31RLEnCkWJ","spotify:track:3ZCTVFBt2Brf31RLEnCkWJ","https://api.spotify.com/v1/tracks/3ZCTVFBt2Brf31RLEnCkWJ","https://api.spotify.com/v1/audio-analysis/3ZCTVFBt2Brf31RLEnCkWJ",245426,4,"everything i wanted","everything i wanted"
0.514,0.73,1,-5.934,1,0.0598,0.00146,9.54e-05,0.0897,0.334,171.005,"audio_features","0VjIjW4GlUZAMYd2vXMi3b","spotify:track:0VjIjW4GlUZAMYd2vXMi3b","https://api.spotify.com/v1/tracks/0VjIjW4GlUZAMYd2vXMi3b","https://api.spotify.com/v1/audio-analysis/0VjIjW4GlUZAMYd2vXMi3b",200040,4,"blinding lights","blinding lights"
0.834,0.454,1,-9.75,0,0.201,0.321,6.15e-06,0.114,0.837,81.618,"audio_features","127QTOFJsJQp5LbJbu3A1y","spotify:track:127QTOFJsJQp5LbJbu3A1y","https://api.spotify.com/v1/tracks/127QTOFJsJQp5LbJbu3A1y","https://api.spotify.com/v1/audio-analysis/127QTOFJsJQp5LbJbu3A1y",247059,4,"toosie slide","toosie slide"
0.896,0.586,10,-6.687,0,0.0559,0.104,0,0.79,0.642,116.971,"audio_features","0nbXyq5TXYPCO7pr3N8S4I","spotify:track:0nbXyq5TXYPCO7pr3N8S4I","https://api.spotify.com/v1/tracks/0nbXyq5TXYPCO7pr3N8S4I","https://api.spotify.com/v1/audio-analysis/0nbXyq5TXYPCO7pr3N8S4I",196653,4,"the box","the box"
0.794,0.793,11,-4.521,0,0.0842,0.0125,0,0.0952,0.677,123.941,"audio_features","6WrI0LAC5M1Rw2MnX2ZvEg","spotify:track:6WrI0LAC5M1Rw2MnX2ZvEg","https://api.spotify.com/v1/tracks/6WrI0LAC5M1Rw2MnX2ZvEg","https://api.spotify.com/v1/audio-analysis/6WrI0LAC5M1Rw2MnX2ZvEg",183290,4,"don't start now","don't start now"
0.787,0.673,11,-4.577,0,0.158,0.256,3.57e-06,0.0904,0.786,110.962,"audio_features","3Dv1eDb0MEgF93GpLXlucZ","spotify:track:3Dv1eDb0MEgF93GpLXlucZ","https://api.spotify.com/v1/tracks/3Dv1eDb0MEgF93GpLXlucZ","https://api.spotify.com/v1/audio-analysis/3Dv1eDb0MEgF93GpLXlucZ",237893,4,"say so","say so"
0.676,0.771,8,-3.675,1,0.0483,0.0237,7e-06,0.102,0.569,99.048,"audio_features","1M4qEo4HE3PRaCOM7EXNJq","spotify:track:1M4qEo4HE3PRaCOM7EXNJq","https://api.spotify.com/v1/tracks/1M4qEo4HE3PRaCOM7EXNJq","https://api.spotify.com/v1/audio-analysis/1M4qEo4HE3PRaCOM7EXNJq",207133,4,"adore you","adore you"
0.695,0.762,0,-3.497,1,0.0395,0.192,0.00244,0.0863,0.553,120.042,"audio_features","21jGcNKet2qwijlDFuPiPb","spotify:track:21jGcNKet2qwijlDFuPiPb","https://api.spotify.com/v1/tracks/21jGcNKet2qwijlDFuPiPb","https://api.spotify.com/v1/audio-analysis/21jGcNKet2qwijlDFuPiPb",215280,4,"circles","circles"
0.676,0.609,2,-5.831,0,0.481,0.0706,0,0.152,0.508,142.037,"audio_features","5yY9lUy8nbvjM1Uyo1Uqoc","spotify:track:5yY9lUy8nbvjM1Uyo1Uqoc","https://api.spotify.com/v1/tracks/5yY9lUy8nbvjM1Uyo1Uqoc","https://api.spotify.com/v1/audio-analysis/5yY9lUy8nbvjM1Uyo1Uqoc",237735,4,"life is good","life is good (feat. drake)"
0.811,0.553,9,-6.644,1,0.0552,0.317,0,0.105,0.86,148.014,"audio_features","364dI1bYnvamSnBJ8JcNzN","spotify:track:364dI1bYnvamSnBJ8JcNzN","https://api.spotify.com/v1/tracks/364dI1bYnvamSnBJ8JcNzN","https://api.spotify.com/v1/audio-analysis/364dI1bYnvamSnBJ8JcNzN",212869,4,"intentions","intentions"
0.704,0.225,6,-14.454,0,0.0994,0.902,0.657,0.106,0.243,120.006,"audio_features","3ZCTVFBt2Brf31RLEnCkWJ","spotify:track:3ZCTVFBt2Brf31RLEnCkWJ","https://api.spotify.com/v1/tracks/3ZCTVFBt2Brf31RLEnCkWJ","https://api.spotify.com/v1/audio-analysis/3ZCTVFBt2Brf31RLEnCkWJ",245426,4,"everything i wanted","everything i wanted"
0.514,0.73,1,-5.934,1,0.0598,0.00146,9.54e-05,0.0897,0.334,171.005,"audio_features","0VjIjW4GlUZAMYd2vXMi3b","spotify:track:0VjIjW4GlUZAMYd2vXMi3b","https://api.spotify.com/v1/tracks/0VjIjW4GlUZAMYd2vXMi3b","https://api.spotify.com/v1/audio-analysis/0VjIjW4GlUZAMYd2vXMi3b",200040,4,"blinding lights","blinding lights"
0.834,0.454,1,-9.75,0,0.201,0.321,6.15e-06,0.114,0.837,81.618,"audio_features","127QTOFJsJQp5LbJbu3A1y","spotify:track:127QTOFJsJQp5LbJbu3A1y","https://api.spotify.com/v1/tracks/127QTOFJsJQp5LbJbu3A1y","https://api.spotify.com/v1/audio-analysis/127QTOFJsJQp5LbJbu3A1y",247059,4,"toosie slide","toosie slide"
0.896,0.586,10,-6.687,0,0.0559,0.104,0,0.79,0.642,116.971,"audio_features","0nbXyq5TXYPCO7pr3N8S4I","spotify:track:0nbXyq5TXYPCO7pr3N8S4I","https://api.spotify.com/v1/tracks/0nbXyq5TXYPCO7pr3N8S4I","https://api.spotify.com/v1/audio-analysis/0nbXyq5TXYPCO7pr3N8S4I",196653,4,"the box","the box"
0.794,0.793,11,-4.521,0,0.0842,0.0125,0,0.0952,0.677,123.941,"audio_features","6WrI0LAC5M1Rw2MnX2ZvEg","spotify:track:6WrI0LAC5M1Rw2MnX2ZvEg","https://api.spotify.com/v1/tracks/6WrI0LAC5M1Rw2MnX2ZvEg","https://api.spotify.com/v1/audio-analysis/6WrI0LAC5M1Rw2MnX2ZvEg",183290,4,"don't start now","don't start now"
0.787,0.673,11,-4.577,0,0.158,0.256,3.57e-06,0.0904,0.786,110.962,"audio_features","3Dv1eDb0MEgF93GpLXlucZ","spotify:track:3Dv1eDb0MEgF93GpLXlucZ","https://api.spotify.com/v1/tracks/3Dv1eDb0MEgF93GpLXlucZ","https://api.spotify.com/v1/audio-analysis/3Dv1eDb0MEgF93GpLXlucZ",237893,4,"say so","say so"
0.695,0.762,0,-3.497,1,0.0395,0.192,0.00244,0.0863,0.553,120.042,"audio_features","21jGcNKet2qwijlDFuPiPb","spotify:track:21jGcNKet2qwijlDFuPiPb","https://api.spotify.com/v1/tracks/21jGcNKet2qwijlDFuPiPb","https://api.spotify.com/v1/audio-analysis/21jGcNKet2qwijlDFuPiPb",215280,4,"circles","circles"
0.676,0.771,8,-3.675,1,0.0483,0.0237,7e-06,0.102,0.569,99.048,"audio_features","1M4qEo4HE3PRaCOM7EXNJq","spotify:track:1M4qEo4HE3PRaCOM7EXNJq","https://api.spotify.com/v1/tracks/1M4qEo4HE3PRaCOM7EXNJq","https://api.spotify.com/v1/audio-analysis/1M4qEo4HE3PRaCOM7EXNJq",207133,4,"adore you","adore you"
0.811,0.553,9,-6.644,1,0.0552,0.317,0,0.105,0.86,148.014,"audio_features","364dI1bYnvamSnBJ8JcNzN","spotify:track:364dI1bYnvamSnBJ8JcNzN","https://api.spotify.com/v1/tracks/364dI1bYnvamSnBJ8JcNzN","https://api.spotify.com/v1/audio-analysis/364dI1bYnvamSnBJ8JcNzN",212869,4,"intentions","intentions"
0.746,0.69,11,-7.956,1,0.164,0.247,0,0.101,0.497,89.977,"audio_features","7ytR5pFWmSjzHJIeQkgog4","spotify:track:7ytR5pFWmSjzHJIeQkgog4","https://api.spotify.com/v1/tracks/7ytR5pFWmSjzHJIeQkgog4","https://api.spotify.com/v1/audio-analysis/7ytR5pFWmSjzHJIeQkgog4",181733,4,"rockstar","rockstar (feat. roddy ricch)"
0.676,0.609,2,-5.831,0,0.481,0.0706,0,0.152,0.508,142.037,"audio_features","5yY9lUy8nbvjM1Uyo1Uqoc","spotify:track:5yY9lUy8nbvjM1Uyo1Uqoc","https://api.spotify.com/v1/tracks/5yY9lUy8nbvjM1Uyo1Uqoc","https://api.spotify.com/v1/audio-analysis/5yY9lUy8nbvjM1Uyo1Uqoc",237735,4,"life is good","life is good (feat. drake)"
0.716,0.537,0,-7.648,0,0.0514,0.233,0,0.157,0.28,129.979,"audio_features","39Yp9wwQiSRIDOvrVg7mbk","spotify:track:39Yp9wwQiSRIDOvrVg7mbk","https://api.spotify.com/v1/tracks/39Yp9wwQiSRIDOvrVg7mbk","https://api.spotify.com/v1/audio-analysis/39Yp9wwQiSRIDOvrVg7mbk",165978,4,"the scotts","the scotts"
0.514,0.73,1,-5.934,1,0.0598,0.00146,9.54e-05,0.0897,0.334,171.005,"audio_features","0VjIjW4GlUZAMYd2vXMi3b","spotify:track:0VjIjW4GlUZAMYd2vXMi3b","https://api.spotify.com/v1/tracks/0VjIjW4GlUZAMYd2vXMi3b","https://api.spotify.com/v1/audio-analysis/0VjIjW4GlUZAMYd2vXMi3b",200040,4,"blinding lights","blinding lights"
0.834,0.454,1,-9.75,0,0.201,0.321,6.15e-06,0.114,0.837,81.618,"audio_features","127QTOFJsJQp5LbJbu3A1y","spotify:track:127QTOFJsJQp5LbJbu3A1y","https://api.spotify.com/v1/tracks/127QTOFJsJQp5LbJbu3A1y","https://api.spotify.com/v1/audio-analysis/127QTOFJsJQp5LbJbu3A1y",247059,4,"toosie slide","toosie slide"
0.843,0.741,11,-5.609,1,0.334,0.0252,0,0.096,0.68,168.983,"audio_features","55CHeLEfn5iJ0IIkgaa4si","spotify:track:55CHeLEfn5iJ0IIkgaa4si","https://api.spotify.com/v1/tracks/55CHeLEfn5iJ0IIkgaa4si","https://api.spotify.com/v1/audio-analysis/55CHeLEfn5iJ0IIkgaa4si",155497,4,"savage","savage"
0.896,0.586,10,-6.687,0,0.0559,0.104,0,0.79,0.642,116.971,"audio_features","0nbXyq5TXYPCO7pr3N8S4I","spotify:track:0nbXyq5TXYPCO7pr3N8S4I","https://api.spotify.com/v1/tracks/0nbXyq5TXYPCO7pr3N8S4I","https://api.spotify.com/v1/audio-analysis/0nbXyq5TXYPCO7pr3N8S4I",196653,4,"the box","the box"
0.787,0.673,11,-4.577,0,0.158,0.256,3.57e-06,0.0904,0.786,110.962,"audio_features","3Dv1eDb0MEgF93GpLXlucZ","spotify:track:3Dv1eDb0MEgF93GpLXlucZ","https://api.spotify.com/v1/tracks/3Dv1eDb0MEgF93GpLXlucZ","https://api.spotify.com/v1/audio-analysis/3Dv1eDb0MEgF93GpLXlucZ",237893,4,"say so","say so"
0.794,0.793,11,-4.521,0,0.0842,0.0125,0,0.0952,0.677,123.941,"audio_features","6WrI0LAC5M1Rw2MnX2ZvEg","spotify:track:6WrI0LAC5M1Rw2MnX2ZvEg","https://api.spotify.com/v1/tracks/6WrI0LAC5M1Rw2MnX2ZvEg","https://api.spotify.com/v1/audio-analysis/6WrI0LAC5M1Rw2MnX2ZvEg",183290,4,"don't start now","don't start now"
0.695,0.762,0,-3.497,1,0.0395,0.192,0.00244,0.0863,0.553,120.042,"audio_features","21jGcNKet2qwijlDFuPiPb","spotify:track:21jGcNKet2qwijlDFuPiPb","https://api.spotify.com/v1/tracks/21jGcNKet2qwijlDFuPiPb","https://api.spotify.com/v1/audio-analysis/21jGcNKet2qwijlDFuPiPb",215280,4,"circles","circles"
0.811,0.553,9,-6.644,1,0.0552,0.317,0,0.105,0.86,148.014,"audio_features","364dI1bYnvamSnBJ8JcNzN","spotify:track:364dI1bYnvamSnBJ8JcNzN","https://api.spotify.com/v1/tracks/364dI1bYnvamSnBJ8JcNzN","https://api.spotify.com/v1/audio-analysis/364dI1bYnvamSnBJ8JcNzN",212869,4,"intentions","intentions"
0.676,0.771,8,-3.675,1,0.0483,0.0237,7e-06,0.102,0.569,99.048,"audio_features","1M4qEo4HE3PRaCOM7EXNJq","spotify:track:1M4qEo4HE3PRaCOM7EXNJq","https://api.spotify.com/v1/tracks/1M4qEo4HE3PRaCOM7EXNJq","https://api.spotify.com/v1/audio-analysis/1M4qEo4HE3PRaCOM7EXNJq",207133,4,"adore you","adore you"
0.787,0.673,11,-4.577,0,0.158,0.256,3.57e-06,0.0904,0.786,110.962,"audio_features","3Dv1eDb0MEgF93GpLXlucZ","spotify:track:3Dv1eDb0MEgF93GpLXlucZ","https://api.spotify.com/v1/tracks/3Dv1eDb0MEgF93GpLXlucZ","https://api.spotify.com/v1/audio-analysis/3Dv1eDb0MEgF93GpLXlucZ",237893,4,"say so","say so"
0.843,0.741,11,-5.609,1,0.334,0.0252,0,0.096,0.68,168.983,"audio_features","55CHeLEfn5iJ0IIkgaa4si","spotify:track:55CHeLEfn5iJ0IIkgaa4si","https://api.spotify.com/v1/tracks/55CHeLEfn5iJ0IIkgaa4si","https://api.spotify.com/v1/audio-analysis/55CHeLEfn5iJ0IIkgaa4si",155497,4,"savage","savage"
0.514,0.73,1,-5.934,1,0.0598,0.00146,9.54e-05,0.0897,0.334,171.005,"audio_features","0VjIjW4GlUZAMYd2vXMi3b","spotify:track:0VjIjW4GlUZAMYd2vXMi3b","https://api.spotify.com/v1/tracks/0VjIjW4GlUZAMYd2vXMi3b","https://api.spotify.com/v1/audio-analysis/0VjIjW4GlUZAMYd2vXMi3b",200040,4,"blinding lights","blinding lights"
0.834,0.454,1,-9.75,0,0.201,0.321,6.15e-06,0.114,0.837,81.618,"audio_features","127QTOFJsJQp5LbJbu3A1y","spotify:track:127QTOFJsJQp5LbJbu3A1y","https://api.spotify.com/v1/tracks/127QTOFJsJQp5LbJbu3A1y","https://api.spotify.com/v1/audio-analysis/127QTOFJsJQp5LbJbu3A1y",247059,4,"toosie slide","toosie slide"
0.896,0.586,10,-6.687,0,0.0559,0.104,0,0.79,0.642,116.971,"audio_features","0nbXyq5TXYPCO7pr3N8S4I","spotify:track:0nbXyq5TXYPCO7pr3N8S4I","https://api.spotify.com/v1/tracks/0nbXyq5TXYPCO7pr3N8S4I","https://api.spotify.com/v1/audio-analysis/0nbXyq5TXYPCO7pr3N8S4I",196653,4,"the box","the box"
0.794,0.793,11,-4.521,0,0.0842,0.0125,0,0.0952,0.677,123.941,"audio_features","6WrI0LAC5M1Rw2MnX2ZvEg","spotify:track:6WrI0LAC5M1Rw2MnX2ZvEg","https://api.spotify.com/v1/tracks/6WrI0LAC5M1Rw2MnX2ZvEg","https://api.spotify.com/v1/audio-analysis/6WrI0LAC5M1Rw2MnX2ZvEg",183290,4,"don't start now","don't start now"
0.825,0.373,5,-5.532,0,0.108,0.163,0,0.368,0.12,77.271,"audio_features","6Kj17Afjo1OKJYpf5VzCeo","spotify:track:6Kj17Afjo1OKJYpf5VzCeo","https://api.spotify.com/v1/tracks/6Kj17Afjo1OKJYpf5VzCeo","https://api.spotify.com/v1/audio-analysis/6Kj17Afjo1OKJYpf5VzCeo",149078,4,"pain 1993","pain 1993 (with playboi carti)"
0.695,0.762,0,-3.497,1,0.0395,0.192,0.00244,0.0863,0.553,120.042,"audio_features","21jGcNKet2qwijlDFuPiPb","spotify:track:21jGcNKet2qwijlDFuPiPb","https://api.spotify.com/v1/tracks/21jGcNKet2qwijlDFuPiPb","https://api.spotify.com/v1/audio-analysis/21jGcNKet2qwijlDFuPiPb",215280,4,"circles","circles"
0.746,0.69,11,-7.956,1,0.164,0.247,0,0.101,0.497,89.977,"audio_features","7ytR5pFWmSjzHJIeQkgog4","spotify:track:7ytR5pFWmSjzHJIeQkgog4","https://api.spotify.com/v1/tracks/7ytR5pFWmSjzHJIeQkgog4","https://api.spotify.com/v1/audio-analysis/7ytR5pFWmSjzHJIeQkgog4",181733,4,"rockstar","rockstar (feat. roddy ricch)"
0.811,0.553,9,-6.644,1,0.0552,0.317,0,0.105,0.86,148.014,"audio_features","364dI1bYnvamSnBJ8JcNzN","spotify:track:364dI1bYnvamSnBJ8JcNzN","https://api.spotify.com/v1/tracks/364dI1bYnvamSnBJ8JcNzN","https://api.spotify.com/v1/audio-analysis/364dI1bYnvamSnBJ8JcNzN",212869,4,"intentions","intentions"
0.597,0.45,8,-6.658,1,0.0418,0.223,0,0.382,0.537,178.765,"audio_features","4HBZA5flZLE435QTztThqH","spotify:track:4HBZA5flZLE435QTztThqH","https://api.spotify.com/v1/tracks/4HBZA5flZLE435QTztThqH","https://api.spotify.com/v1/audio-analysis/4HBZA5flZLE435QTztThqH",228482,3,"stuck with u","stuck with u (with justin bieber)"
0.787,0.673,11,-4.577,0,0.158,0.256,3.57e-06,0.0904,0.786,110.962,"audio_features","3Dv1eDb0MEgF93GpLXlucZ","spotify:track:3Dv1eDb0MEgF93GpLXlucZ","https://api.spotify.com/v1/tracks/3Dv1eDb0MEgF93GpLXlucZ","https://api.spotify.com/v1/audio-analysis/3Dv1eDb0MEgF93GpLXlucZ",237893,4,"say so","say so"
0.611,0.688,1,-5.688,1,0.341,0.0264,0,0.251,0.393,178.462,"audio_features","4NhDYoQTYCdWHTvlbGVgwo","spotify:track:4NhDYoQTYCdWHTvlbGVgwo","https://api.spotify.com/v1/tracks/4NhDYoQTYCdWHTvlbGVgwo","https://api.spotify.com/v1/audio-analysis/4NhDYoQTYCdWHTvlbGVgwo",132303,4,"gooba","gooba"
0.514,0.73,1,-5.934,1,0.0598,0.00146,9.54e-05,0.0897,0.334,171.005,"audio_features","0VjIjW4GlUZAMYd2vXMi3b","spotify:track:0VjIjW4GlUZAMYd2vXMi3b","https://api.spotify.com/v1/tracks/0VjIjW4GlUZAMYd2vXMi3b","https://api.spotify.com/v1/audio-analysis/0VjIjW4GlUZAMYd2vXMi3b",200040,4,"blinding lights","blinding lights"
0.843,0.741,11,-5.609,1,0.334,0.0252,0,0.096,0.68,168.983,"audio_features","55CHeLEfn5iJ0IIkgaa4si","spotify:track:55CHeLEfn5iJ0IIkgaa4si","https://api.spotify.com/v1/tracks/55CHeLEfn5iJ0IIkgaa4si","https://api.spotify.com/v1/audio-analysis/55CHeLEfn5iJ0IIkgaa4si",155497,4,"savage","savage"
0.834,0.454,1,-9.75,0,0.201,0.321,6.15e-06,0.114,0.837,81.618,"audio_features","127QTOFJsJQp5LbJbu3A1y","spotify:track:127QTOFJsJQp5LbJbu3A1y","https://api.spotify.com/v1/tracks/127QTOFJsJQp5LbJbu3A1y","https://api.spotify.com/v1/audio-analysis/127QTOFJsJQp5LbJbu3A1y",247059,4,"toosie slide","toosie slide"
0.896,0.586,10,-6.687,0,0.0559,0.104,0,0.79,0.642,116.971,"audio_features","0nbXyq5TXYPCO7pr3N8S4I","spotify:track:0nbXyq5TXYPCO7pr3N8S4I","https://api.spotify.com/v1/tracks/0nbXyq5TXYPCO7pr3N8S4I","https://api.spotify.com/v1/audio-analysis/0nbXyq5TXYPCO7pr3N8S4I",196653,4,"the box","the box"
0.746,0.69,11,-7.956,1,0.164,0.247,0,0.101,0.497,89.977,"audio_features","7ytR5pFWmSjzHJIeQkgog4","spotify:track:7ytR5pFWmSjzHJIeQkgog4","https://api.spotify.com/v1/tracks/7ytR5pFWmSjzHJIeQkgog4","https://api.spotify.com/v1/audio-analysis/7ytR5pFWmSjzHJIeQkgog4",181733,4,"rockstar","rockstar (feat. roddy ricch)"
0.794,0.793,11,-4.521,0,0.0842,0.0125,0,0.0952,0.677,123.941,"audio_features","6WrI0LAC5M1Rw2MnX2ZvEg","spotify:track:6WrI0LAC5M1Rw2MnX2ZvEg","https://api.spotify.com/v1/tracks/6WrI0LAC5M1Rw2MnX2ZvEg","https://api.spotify.com/v1/audio-analysis/6WrI0LAC5M1Rw2MnX2ZvEg",183290,4,"don't start now","don't start now"
0.695,0.762,0,-3.497,1,0.0395,0.192,0.00244,0.0863,0.553,120.042,"audio_features","21jGcNKet2qwijlDFuPiPb","spotify:track:21jGcNKet2qwijlDFuPiPb","https://api.spotify.com/v1/tracks/21jGcNKet2qwijlDFuPiPb","https://api.spotify.com/v1/audio-analysis/21jGcNKet2qwijlDFuPiPb",215280,4,"circles","circles"
0.843,0.741,11,-5.609,1,0.334,0.0252,0,0.096,0.68,168.983,"audio_features","55CHeLEfn5iJ0IIkgaa4si","spotify:track:55CHeLEfn5iJ0IIkgaa4si","https://api.spotify.com/v1/tracks/55CHeLEfn5iJ0IIkgaa4si","https://api.spotify.com/v1/audio-analysis/55CHeLEfn5iJ0IIkgaa4si",155497,4,"savage","savage"
0.787,0.673,11,-4.577,0,0.158,0.256,3.57e-06,0.0904,0.786,110.962,"audio_features","3Dv1eDb0MEgF93GpLXlucZ","spotify:track:3Dv1eDb0MEgF93GpLXlucZ","https://api.spotify.com/v1/tracks/3Dv1eDb0MEgF93GpLXlucZ","https://api.spotify.com/v1/audio-analysis/3Dv1eDb0MEgF93GpLXlucZ",237893,4,"say so","say so"
0.514,0.73,1,-5.934,1,0.0598,0.00146,9.54e-05,0.0897,0.334,171.005,"audio_features","0VjIjW4GlUZAMYd2vXMi3b","spotify:track:0VjIjW4GlUZAMYd2vXMi3b","https://api.spotify.com/v1/tracks/0VjIjW4GlUZAMYd2vXMi3b","https://api.spotify.com/v1/audio-analysis/0VjIjW4GlUZAMYd2vXMi3b",200040,4,"blinding lights","blinding lights"
0.746,0.69,11,-7.956,1,0.164,0.247,0,0.101,0.497,89.977,"audio_features","7ytR5pFWmSjzHJIeQkgog4","spotify:track:7ytR5pFWmSjzHJIeQkgog4","https://api.spotify.com/v1/tracks/7ytR5pFWmSjzHJIeQkgog4","https://api.spotify.com/v1/audio-analysis/7ytR5pFWmSjzHJIeQkgog4",181733,4,"rockstar","rockstar (feat. roddy ricch)"
0.834,0.454,1,-9.75,0,0.201,0.321,6.15e-06,0.114,0.837,81.618,"audio_features","127QTOFJsJQp5LbJbu3A1y","spotify:track:127QTOFJsJQp5LbJbu3A1y","https://api.spotify.com/v1/tracks/127QTOFJsJQp5LbJbu3A1y","https://api.spotify.com/v1/audio-analysis/127QTOFJsJQp5LbJbu3A1y",247059,4,"toosie slide","toosie slide"
0.676,0.609,2,-5.831,0,0.481,0.0706,0,0.152,0.508,142.037,"audio_features","5yY9lUy8nbvjM1Uyo1Uqoc","spotify:track:5yY9lUy8nbvjM1Uyo1Uqoc","https://api.spotify.com/v1/tracks/5yY9lUy8nbvjM1Uyo1Uqoc","https://api.spotify.com/v1/audio-analysis/5yY9lUy8nbvjM1Uyo1Uqoc",237735,4,"life is good","life is good (feat. drake)"
0.896,0.586,10,-6.687,0,0.0559,0.104,0,0.79,0.642,116.971,"audio_features","0nbXyq5TXYPCO7pr3N8S4I","spotify:track:0nbXyq5TXYPCO7pr3N8S4I","https://api.spotify.com/v1/tracks/0nbXyq5TXYPCO7pr3N8S4I","https://api.spotify.com/v1/audio-analysis/0nbXyq5TXYPCO7pr3N8S4I",196653,4,"the box","the box"
0.794,0.793,11,-4.521,0,0.0842,0.0125,0,0.0952,0.677,123.941,"audio_features","6WrI0LAC5M1Rw2MnX2ZvEg","spotify:track:6WrI0LAC5M1Rw2MnX2ZvEg","https://api.spotify.com/v1/tracks/6WrI0LAC5M1Rw2MnX2ZvEg","https://api.spotify.com/v1/audio-analysis/6WrI0LAC5M1Rw2MnX2ZvEg",183290,4,"don't start now","don't start now"
0.811,0.553,9,-6.644,1,0.0552,0.317,0,0.105,0.86,148.014,"audio_features","364dI1bYnvamSnBJ8JcNzN","spotify:track:364dI1bYnvamSnBJ8JcNzN","https://api.spotify.com/v1/tracks/364dI1bYnvamSnBJ8JcNzN","https://api.spotify.com/v1/audio-analysis/364dI1bYnvamSnBJ8JcNzN",212869,4,"intentions","intentions"
0.695,0.762,0,-3.497,1,0.0395,0.192,0.00244,0.0863,0.553,120.042,"audio_features","21jGcNKet2qwijlDFuPiPb","spotify:track:21jGcNKet2qwijlDFuPiPb","https://api.spotify.com/v1/tracks/21jGcNKet2qwijlDFuPiPb","https://api.spotify.com/v1/audio-analysis/21jGcNKet2qwijlDFuPiPb",215280,4,"circles","circles"
0.672,0.855,9,-3.764,1,0.0397,0.021,0,0.323,0.646,123.056,"audio_features","24ySl2hOPGCDcxBxFIqWBu","spotify:track:24ySl2hOPGCDcxBxFIqWBu","https://api.spotify.com/v1/tracks/24ySl2hOPGCDcxBxFIqWBu","https://api.spotify.com/v1/audio-analysis/24ySl2hOPGCDcxBxFIqWBu",182200,4,"rain on me","rain on me (with ariana grande)"
0.843,0.741,11,-5.609,1,0.334,0.0252,0,0.096,0.68,168.983,"audio_features","55CHeLEfn5iJ0IIkgaa4si","spotify:track:55CHeLEfn5iJ0IIkgaa4si","https://api.spotify.com/v1/tracks/55CHeLEfn5iJ0IIkgaa4si","https://api.spotify.com/v1/audio-analysis/55CHeLEfn5iJ0IIkgaa4si",155497,4,"savage","savage"
0.746,0.69,11,-7.956,1,0.164,0.247,0,0.101,0.497,89.977,"audio_features","7ytR5pFWmSjzHJIeQkgog4","spotify:track:7ytR5pFWmSjzHJIeQkgog4","https://api.spotify.com/v1/tracks/7ytR5pFWmSjzHJIeQkgog4","https://api.spotify.com/v1/audio-analysis/7ytR5pFWmSjzHJIeQkgog4",181733,4,"rockstar","rockstar (feat. roddy ricch)"
0.514,0.73,1,-5.934,1,0.0598,0.00146,9.54e-05,0.0897,0.334,171.005,"audio_features","0VjIjW4GlUZAMYd2vXMi3b","spotify:track:0VjIjW4GlUZAMYd2vXMi3b","https://api.spotify.com/v1/tracks/0VjIjW4GlUZAMYd2vXMi3b","https://api.spotify.com/v1/audio-analysis/0VjIjW4GlUZAMYd2vXMi3b",200040,4,"blinding lights","blinding lights"
0.787,0.673,11,-4.577,0,0.158,0.256,3.57e-06,0.0904,0.786,110.962,"audio_features","3Dv1eDb0MEgF93GpLXlucZ","spotify:track:3Dv1eDb0MEgF93GpLXlucZ","https://api.spotify.com/v1/tracks/3Dv1eDb0MEgF93GpLXlucZ","https://api.spotify.com/v1/audio-analysis/3Dv1eDb0MEgF93GpLXlucZ",237893,4,"say so","say so"
0.834,0.454,1,-9.75,0,0.201,0.321,6.15e-06,0.114,0.837,81.618,"audio_features","127QTOFJsJQp5LbJbu3A1y","spotify:track:127QTOFJsJQp5LbJbu3A1y","https://api.spotify.com/v1/tracks/127QTOFJsJQp5LbJbu3A1y","https://api.spotify.com/v1/audio-analysis/127QTOFJsJQp5LbJbu3A1y",247059,4,"toosie slide","toosie slide"
0.794,0.793,11,-4.521,0,0.0842,0.0125,0,0.0952,0.677,123.941,"audio_features","6WrI0LAC5M1Rw2MnX2ZvEg","spotify:track:6WrI0LAC5M1Rw2MnX2ZvEg","https://api.spotify.com/v1/tracks/6WrI0LAC5M1Rw2MnX2ZvEg","https://api.spotify.com/v1/audio-analysis/6WrI0LAC5M1Rw2MnX2ZvEg",183290,4,"don't start now","don't start now"
0.896,0.586,10,-6.687,0,0.0559,0.104,0,0.79,0.642,116.971,"audio_features","0nbXyq5TXYPCO7pr3N8S4I","spotify:track:0nbXyq5TXYPCO7pr3N8S4I","https://api.spotify.com/v1/tracks/0nbXyq5TXYPCO7pr3N8S4I","https://api.spotify.com/v1/audio-analysis/0nbXyq5TXYPCO7pr3N8S4I",196653,4,"the box","the box"
0.811,0.553,9,-6.644,1,0.0552,0.317,0,0.105,0.86,148.014,"audio_features","364dI1bYnvamSnBJ8JcNzN","spotify:track:364dI1bYnvamSnBJ8JcNzN","https://api.spotify.com/v1/tracks/364dI1bYnvamSnBJ8JcNzN","https://api.spotify.com/v1/audio-analysis/364dI1bYnvamSnBJ8JcNzN",212869,4,"intentions","intentions"
0.676,0.609,2,-5.831,0,0.481,0.0706,0,0.152,0.508,142.037,"audio_features","5yY9lUy8nbvjM1Uyo1Uqoc","spotify:track:5yY9lUy8nbvjM1Uyo1Uqoc","https://api.spotify.com/v1/tracks/5yY9lUy8nbvjM1Uyo1Uqoc","https://api.spotify.com/v1/audio-analysis/5yY9lUy8nbvjM1Uyo1Uqoc",237735,4,"life is good","life is good (feat. drake)"
